trial_num,sim_time (s),maxP (kPa),frictionCoefficient,objectX (mm),objectY (mm),maxZ (mm),lastZ (mm)
1.000000000000000000e+00,5.310000324249267578e+01,1.325524916682485532e+01,7.647376932400209437e-01,5.329683887695899625e-01,-6.72E-01,5.427091619652985344e+01,5.427091619652985344e+01
2.000000000000000000e+00,5.380148124694824219e+01,1.332371281708015331e+01,8.264701111530474709e-01,1.052494580544033331e+00,1.088229188681778981e+00,5.370583491596779169e+01,5.370583491596779169e+01
3.000000000000000000e+00,5.236569142341613770e+01,1.330795781269120859e+01,8.173077358517230051e-01,1.390989728763714961e+00,-6.16E-01,5.455535088391814469e+01,5.455535088391814469e+01
4.000000000000000000e+00,5.394788765907287598e+01,1.259782176095827211e+01,7.652731010476875317e-01,4.999105234641709750e-02,1.474706440721753165e+00,5.274354613863891927e+01,5.274354613863891927e+01
5.000000000000000000e+00,5.081604480743408203e+01,1.293161657659995356e+01,7.893477040202538930e-01,-1.05E+00,-1.20E+00,5.397583718700423816e+01,5.397583718700423816e+01
6.000000000000000000e+00,4.870072102546691895e+01,1.266924412885132867e+01,8.146103292823524411e-01,-1.45E+00,1.399000682172903520e+00,5.196559119223030621e+01,5.196559119223030621e+01
7.000000000000000000e+00,5.138973760604858398e+01,1.287970519083410181e+01,7.776718640317977771e-01,-1.09E+00,-8.74E-01,5.381670273426645679e+01,5.381670273426645679e+01
8.000000000000000000e+00,5.211092448234558105e+01,1.315877471916313546e+01,8.175925038323001992e-01,8.761072238402107804e-01,4.379955170657705565e-01,5.434989685455906283e+01,5.434989685455906283e+01
9.000000000000000000e+00,5.251123285293579102e+01,1.315062370061346719e+01,7.940579749545410015e-01,3.147419459188842694e-01,-4.80E-01,5.441736483276395830e+01,5.441736483276395830e+01
1.000000000000000000e+01,5.254573488235473633e+01,1.321547512280251446e+01,8.005600995621664495e-01,7.201490885805037490e-01,-1.24E+00,5.418911615308138607e+01,5.418911615308138607e+01
1.100000000000000000e+01,5.180526900291442871e+01,1.269179818687514683e+01,7.926628854396225998e-01,7.063429239506326951e-01,8.564282454426657143e-01,5.366755226796404799e+01,5.366755226796404799e+01
1.200000000000000000e+01,5.205896043777465820e+01,1.324050214041571216e+01,7.940481798049254802e-01,-7.25E-02,-7.44E-01,5.429523562590973285e+01,5.429523562590973285e+01
1.300000000000000000e+01,4.836590123176574707e+01,1.279457493897075615e+01,7.924206570504487290e-01,-4.82E-02,-3.46E-01,3.238565525808049728e+01,1.322542497762470237e+00
1.400000000000000000e+01,5.176109266281127930e+01,1.266826316802312213e+01,7.866219386582820050e-01,-5.80E-01,7.659326408173775524e-01,5.434292146012352021e+01,5.434292146012352021e+01
1.500000000000000000e+01,5.114828920364379883e+01,1.282581831981792142e+01,7.856469411209852094e-01,8.551480055904285837e-01,5.325763164599022215e-01,5.390655817594465304e+01,5.390655817594465304e+01
1.600000000000000000e+01,5.253642296791076660e+01,1.346137730555096823e+01,7.984917878508838163e-01,-1.46E+00,-7.15E-01,5.409473010913551150e+01,5.409473010913551150e+01
1.700000000000000000e+01,5.284367442131042480e+01,1.288116762392395742e+01,8.058154393218789346e-01,4.853339807640336678e-01,-7.23E-01,5.412333194647649037e+01,5.412333194647649037e+01
1.800000000000000000e+01,5.339214920997619629e+01,1.293226286380446588e+01,8.228627970428321614e-01,1.734269083871230466e-01,-1.33E+00,5.417998927699502332e+01,5.417998927699502332e+01
1.900000000000000000e+01,5.151893901824951172e+01,1.340056059002309219e+01,8.174486495794729413e-01,-2.24E-01,1.112025630764919004e+00,5.448906268203364789e+01,5.448906268203364789e+01
2.000000000000000000e+01,5.096941637992858887e+01,1.281719815382209227e+01,8.139255657447183046e-01,1.226599379190144834e+00,-8.22E-01,5.380619822049094836e+01,5.380619822049094836e+01
2.100000000000000000e+01,5.224053716659545898e+01,1.336883675833889917e+01,8.131884391780570542e-01,4.244100901404833093e-01,1.403389662658988124e-01,5.460526162705795628e+01,5.460526162705795628e+01
2.200000000000000000e+01,5.099630641937255859e+01,1.341442778843597061e+01,7.697706309240168743e-01,-2.40E-01,1.428393123275592203e+00,5.421962885622504302e+01,5.421962885622504302e+01
2.300000000000000000e+01,5.260857868194580078e+01,1.287781402838984235e+01,7.619914454122052039e-01,-5.97E-01,9.682336053043472113e-03,5.411190886658582855e+01,5.411190886658582855e+01
2.400000000000000000e+01,5.236539006233215332e+01,1.342800344564556703e+01,7.843796973534385986e-01,1.212593077599530833e+00,-3.24E-01,5.477635473804988209e+01,5.477635473804988209e+01
2.500000000000000000e+01,5.140319824218750000e+01,1.293600499635075529e+01,8.358900178865195096e-01,-5.33E-01,1.383724871121327471e+00,5.294269632748775933e+01,5.294269632748775933e+01
2.600000000000000000e+01,5.025699424743652344e+01,1.254644323322411736e+01,7.819734227229667711e-01,8.606873380414624686e-01,4.049548292975709285e-01,5.280931227859899479e+01,5.280931227859899479e+01
2.700000000000000000e+01,5.211886096000671387e+01,1.341821292885649974e+01,7.648546644770685132e-01,-1.23E-01,4.836789504010494123e-01,5.445331383800847647e+01,5.445331383800847647e+01
2.800000000000000000e+01,5.210373091697692871e+01,1.346721117515953559e+01,8.158519114176613352e-01,-1.26E+00,-5.30E-01,5.410511066832539484e+01,5.410511066832539484e+01
2.900000000000000000e+01,5.051964259147644043e+01,1.253156784165687299e+01,7.902623036627101083e-01,5.214540567104639646e-01,1.810188123175048291e-01,5.222856429329162609e+01,5.222856429329162609e+01
3.000000000000000000e+01,5.132874751091003418e+01,1.308031025955831161e+01,8.156866888237376267e-01,6.270445345051012254e-02,1.385889115460946508e+00,5.377056283858325969e+01,5.377056283858325969e+01
