object_type,weight_num,init_grasp_height,maximum_pressure,grasp_radius_distance,inclination_angle,inner_radius,average_radius,module_length,module_number,actuator_number
egg,5,7.5,10.0,23.6,0.3141592653589793,2.5,8.0,10.0,9,3
egg,5,7.5,10.0,23.6,0.3141592653589793,2.5,8.0,10.0,9,3
egg,5,7.5,10.0,23.6,0.3141592653589793,2.5,8.0,10.0,9,3
egg,5,7.5,10.0,23.6,0.3141592653589793,2.5,8.0,10.0,9,3
egg,5,7.5,10.0,23.6,0.3141592653589793,2.5,8.0,10.0,9,3
egg,5,7.5,10.0,23.6,0.3141592653589793,2.5,8.0,10.0,9,3
egg,5,7.5,10.0,23.6,0.3141592653589793,2.0,8.0,10.0,9,3
egg,5,7.5,10.0,23.6,0.3141592653589793,2.5,8.0,10.0,9,3
egg,5,7.5,10.0,23.6,0.3141592653589793,2.0,8.0,10.0,9,3
egg,5,7.5,10.0,23.6,0.3141592653589793,2.5,8.0,10.0,9,3
egg,6,7.5,10.0,23.6,0.3141592653589793,2.5,8.0,10.0,9,3
egg,6,7.5,10.0,23.6,0.3141592653589793,2.5,8.0,10.0,9,3
egg,6,7.5,10.0,23.6,0.3141592653589793,2.5,8.0,10.0,9,3
egg,6,7.5,10.0,23.6,0.3141592653589793,2.5,8.0,10.0,9,3
egg,6,7.5,10.0,23.6,0.3141592653589793,2.5,8.0,10.0,9,3
egg,6,7.5,10.0,23.6,0.3141592653589793,2.0,8.0,10.0,9,3
egg,6,7.5,10.0,23.6,0.3141592653589793,2.5,8.0,10.0,9,3
egg,6,7.5,10.0,23.6,0.3141592653589793,2.5,8.0,10.0,9,3
egg,6,7.5,10.0,23.6,0.3141592653589793,2.0,8.0,10.0,9,3
egg,6,7.5,10.0,23.6,0.3141592653589793,2.5,8.0,10.0,9,3
egg,7,7.5,10.0,23.6,0.3141592653589793,2.0,8.0,10.0,9,3
egg,7,7.5,10.0,23.6,0.3141592653589793,2.5,8.0,10.0,9,3
egg,7,7.5,10.0,23.6,0.3141592653589793,2.0,8.0,10.0,9,3
egg,7,7.5,10.0,23.6,0.3141592653589793,2.0,8.0,10.0,9,3
egg,7,7.5,10.0,23.6,0.3141592653589793,2.5,8.0,10.0,9,3
egg,7,7.5,10.0,23.6,0.3141592653589793,2.5,8.0,10.0,9,3
egg,7,7.5,10.0,23.6,0.3141592653589793,2.5,8.0,10.0,9,3
egg,7,7.5,10.0,23.6,0.3141592653589793,2.5,8.0,10.0,9,3
egg,7,7.5,10.0,23.6,0.3141592653589793,2.0,8.0,10.0,9,3
egg,7,7.5,10.0,23.6,0.3141592653589793,2.5,8.0,10.0,9,3
cylinder,2,7.5,10.0,16.8,0.3141592653589793,2.0,8.0,10.0,9,3
cylinder,2,7.5,10.0,16.8,0.3141592653589793,2.0,8.0,10.0,9,3
cylinder,2,7.5,10.0,16.8,0.3141592653589793,2.5,8.0,10.0,9,3
cylinder,2,7.5,10.0,16.8,0.3141592653589793,2.5,8.0,10.0,9,3
cylinder,2,7.5,10.0,16.8,0.3141592653589793,2.5,8.0,10.0,9,3
cylinder,2,7.5,10.0,16.8,0.3141592653589793,2.5,8.0,10.0,9,3
cylinder,2,7.5,10.0,16.8,0.3141592653589793,2.5,8.0,10.0,9,3
cylinder,2,7.5,10.0,16.8,0.3141592653589793,2.0,8.0,10.0,9,3
cylinder,2,7.5,10.0,16.8,0.3141592653589793,2.5,8.0,10.0,9,3
cylinder,2,7.5,10.0,16.8,0.3141592653589793,2.0,8.0,10.0,9,3
cylinder,3,7.5,10.0,16.8,0.3141592653589793,2.5,8.0,10.0,9,3
cylinder,3,7.5,10.0,16.8,0.3141592653589793,2.5,8.0,10.0,9,3
cylinder,3,7.5,10.0,16.8,0.3141592653589793,2.5,8.0,10.0,9,3
cylinder,3,7.5,10.0,16.8,0.3141592653589793,2.0,8.0,10.0,9,3
cylinder,3,7.5,10.0,16.8,0.3141592653589793,2.0,8.0,10.0,9,3
cylinder,3,7.5,10.0,16.8,0.3141592653589793,2.5,8.0,10.0,9,3
cylinder,3,7.5,10.0,15.2,0.3141592653589793,2.5,8.0,10.0,9,3
cylinder,3,7.5,10.0,16.8,0.3141592653589793,2.5,8.0,10.0,9,3
cylinder,3,7.5,10.0,16.8,0.3141592653589793,2.5,8.0,8.0,9,3
cylinder,3,7.5,10.0,16.8,0.3141592653589793,2.0,8.0,10.0,9,3
cylinder,4,7.5,10.0,15.2,0.3141592653589793,2.0,8.0,10.0,9,3
cylinder,4,7.5,10.0,16.8,0.3141592653589793,2.5,8.0,10.0,9,3
cylinder,4,7.5,10.0,16.8,0.3141592653589793,2.5,8.0,10.0,9,3
cylinder,4,7.5,10.0,16.8,0.3141592653589793,2.5,8.0,10.0,9,3
cylinder,4,7.5,10.0,16.8,0.3141592653589793,2.5,8.0,10.0,9,3
cylinder,4,7.5,10.0,16.8,0.3141592653589793,2.5,8.0,10.0,9,3
cylinder,4,7.5,10.0,16.8,0.3141592653589793,2.0,8.0,10.0,9,3
cylinder,4,7.5,10.0,16.8,0.3141592653589793,2.5,8.0,10.0,9,3
cylinder,4,7.5,10.0,16.8,0.3141592653589793,2.0,8.0,10.0,9,3
cylinder,4,7.5,10.0,16.8,0.3141592653589793,2.5,8.0,10.0,9,3
