2.75,1.5,6.75,11,-0.0024353,-0.016548,0.074544,0.0051296,0.0019111
2.75,1.5,6.75,10,-0.002473,-0.015622,0.065887,0.0052005,0.0019953
2.75,1.5,6.75,9,-0.0024892,-0.014947,0.058245,0.005563,0.0020774
2.75,1.5,6.75,12,-0.0023761,-0.017682,0.083369,0.0055487,0.001819
2.75,1.5,7.5,11,-0.0029854,-0.019675,0.092067,-0.0028714,0.0027363
2.75,1.5,7.5,10,-0.0030556,-0.018553,0.081224,-0.0016615,0.0028462
2.75,1.5,7.5,9,-0.0031082,-0.017591,0.071761,-0.00029534,0.002955
2.75,1.5,7.5,12,-0.0028927,-0.021,0.10343,-0.0036577,0.0026231
2.75,1.5,8.25,10,-0.0036064,-0.022709,0.095852,-0.0091907,0.0037941
2.75,1.5,8.25,9,-0.0037098,-0.021391,0.084054,-0.0064392,0.0039379
2.75,1.5,8.25,12,-0.0033386,-0.025905,0.12378,-0.01433,0.0034871
2.75,1.5,9,11,-0.0040151,-0.029239,0.12489,-0.021334,0.0046637
2.75,1.5,9,10,-0.0041786,-0.027504,0.10949,-0.017083,0.0048481
2.75,1.5,9,9,-0.0043394,-0.025782,0.095649,-0.012772,0.0050499
2.75,1.5,9,12,-0.0038002,-0.031362,0.14223,-0.02567,0.0044481
2.75,1.75,6.75,11,-0.0026187,-0.021774,0.074072,0.012023,0.0019751
2.75,1.75,6.75,10,-0.0026192,-0.021125,0.065436,0.01215,0.0020546
2.75,1.75,6.75,9,-0.0026052,-0.020794,0.057526,0.012683,0.002131
2.75,1.75,6.75,12,-0.0025855,-0.022709,0.082865,0.012291,0.0018815
2.75,1.75,7.5,11,-0.0034476,-0.022704,0.089287,0.0053628,0.0029373
2.75,1.75,7.5,10,-0.0034799,-0.021863,0.079512,0.0063442,0.003041
2.75,1.75,7.5,9,-0.0034788,-0.021304,0.070424,0.0076667,0.0031316
2.75,1.75,7.5,12,-0.0033887,-0.023811,0.099783,0.0047304,0.0028221
2.75,1.75,8.25,11,-0.0041447,-0.026499,0.10643,-0.0023477,0.0039833
2.75,1.75,8.25,10,-0.004229,-0.025289,0.095163,-0.0003207,0.004124
2.75,1.75,8.25,9,-0.004259,-0.024432,0.084703,0.0019856,0.0042396
2.75,1.75,8.25,12,-0.0040712,-0.027713,0.11919,-0.004259,0.0038547
2.75,1.75,9,11,-0.0048315,-0.031451,0.12255,-0.010455,0.0051295
2.75,1.75,9,10,-0.0049647,-0.029935,0.1091,-0.0070411,0.0053189
2.75,1.75,9,9,-0.0050269,-0.028734,0.097366,-0.003687,0.0054694
2.75,1.75,9,12,-0.0046948,-0.033169,0.13796,-0.013908,0.0049599
2.75,2,6.75,11,-0.002635,-0.030377,0.075539,0.019886,0.0019926
2.75,2,6.75,10,-0.0026107,-0.02999,0.066629,0.020149,0.0020653
2.75,2,6.75,9,-0.002551,-0.03042,0.058181,0.021129,0.0021318
2.75,2,6.75,12,-0.0026422,-0.030907,0.085128,0.01987,0.0019083
2.75,2,7.5,11,-0.0036758,-0.028973,0.087304,0.014506,0.0030314
2.75,2,7.5,10,-0.0036666,-0.028563,0.077673,0.015618,0.0031213
2.75,2,7.5,9,-0.0036256,-0.028532,0.068768,0.017134,0.0031976
2.75,2,7.5,12,-0.0036678,-0.02972,0.097655,0.013861,0.0029303
2.75,2,8.25,11,-0.0046592,-0.030667,0.10384,0.0078664,0.0042285
2.75,2,8.25,10,-0.004668,-0.030042,0.093348,0.009754,0.0043373
2.75,2,8.25,9,-0.0046626,-0.029712,0.083361,0.012156,0.0044419
2.75,2,8.25,12,-0.0046156,-0.031655,0.11553,0.0062186,0.0041023
2.75,2,9,11,-0.0055436,-0.034959,0.12156,0.0003107,0.0055312
2.75,2,9,10,-0.0056236,-0.033728,0.10944,0.0032798,0.005691
2.75,2,9,9,-0.0056315,-0.033181,0.098688,0.0065197,0.0058109
2.75,2,9,12,-0.0054675,-0.036178,0.13482,-0.0023725,0.0053707
3.5,1.5,6.75,11,-0.0025435,-0.02154,0.10033,0.011778,0.0016273
3.5,1.5,6.75,10,-0.0025878,-0.020337,0.08827,0.011059,0.0017282
3.5,1.5,6.75,9,-0.002596,-0.019493,0.076721,0.010919,0.0018166
3.5,1.5,6.75,12,-0.0024684,-0.023054,0.11293,0.013096,0.0015167
3.5,1.5,7.5,11,-0.0033086,-0.022,0.11619,0.0016887,0.0025368
3.5,1.5,7.5,10,-0.0033915,-0.020608,0.10249,0.0022569,0.0026629
3.5,1.5,7.5,9,-0.0034246,-0.019564,0.089703,0.0031127,0.00277
3.5,1.5,7.5,12,-0.0032274,-0.023446,0.13098,0.0016859,0.0024227
3.5,1.5,8.25,11,-0.0039034,-0.025993,0.13613,-0.0097787,0.00351
3.5,1.5,8.25,10,-0.0040258,-0.024341,0.11966,-0.0075972,0.0036653
3.5,1.5,8.25,9,-0.0040776,-0.023188,0.10487,-0.0050769,0.0037932
3.5,1.5,8.25,12,-0.0037571,-0.027764,0.15365,-0.011549,0.0033513
3.5,1.5,9,11,-0.004406,-0.03157,0.15371,-0.021449,0.0045325
3.5,1.5,9,10,-0.0046028,-0.029465,0.13525,-0.017523,0.0047473
3.5,1.5,9,9,-0.0047102,-0.027931,0.11835,-0.013328,0.0049157
3.5,1.5,9,12,-0.0042309,-0.033582,0.17487,-0.025551,0.004345
3.5,1.75,6.75,11,-0.002593,-0.030253,0.10332,0.020018,0.0016422
3.5,1.75,6.75,10,-0.0025867,-0.029393,0.089827,0.019549,0.0017324
3.5,1.75,6.75,9,-0.0025556,-0.029098,0.077423,0.019734,0.0018151
3.5,1.75,6.75,12,-0.0025645,-0.031457,0.11714,0.021026,0.0015408
3.5,1.75,7.5,11,-0.0036181,-0.027415,0.11163,0.011579,0.0026364
3.5,1.75,7.5,10,-0.0036456,-0.026431,0.098576,0.01205,0.0027513
3.5,1.75,7.5,9,-0.0036368,-0.025856,0.08606,0.013205,0.0028497
3.5,1.75,7.5,12,-0.0035662,-0.028758,0.12617,0.011552,0.0025188
3.5,1.75,8.25,11,-0.004531,-0.028857,0.12882,0.0019894,0.0037689
3.5,1.75,8.25,10,-0.0045971,-0.027669,0.1144,0.0036546,0.0039134
3.5,1.75,8.25,9,-0.0046186,-0.026763,0.10111,0.0057755,0.0040364
3.5,1.75,8.25,12,-0.0044537,-0.030348,0.14504,0.00057806,0.00363
3.5,1.75,9,11,-0.0053193,-0.033403,0.14895,-0.0089214,0.004998
3.5,1.75,9,10,-0.0053879,-0.031981,0.13184,-0.0055224,0.0051508
3.5,1.75,9,9,-0.0054808,-0.030648,0.11723,-0.0021213,0.0053271
3.5,1.75,9,12,-0.005156,-0.035356,0.16682,-0.011708,0.0047973
3.5,2,6.75,11,-0.0025564,-0.042674,0.10993,0.02973,0.0016433
3.5,2,6.75,10,-0.0025101,-0.042364,0.095416,0.029566,0.0017277
3.5,2,6.75,9,-0.0024426,-0.042756,0.082374,0.030083,0.0018057
3.5,2,6.75,12,-0.0025588,-0.043469,0.12542,0.030446,0.0015466
3.5,2,7.5,11,-0.0036838,-0.037172,0.11063,0.022256,0.0026565
3.5,2,7.5,10,-0.0036574,-0.036673,0.096854,0.022996,0.0027551
3.5,2,7.5,9,-0.0035941,-0.03689,0.084793,0.024358,0.0028411
3.5,2,7.5,12,-0.0036801,-0.03796,0.12544,0.021929,0.0025471
3.5,2,8.25,11,-0.004892,-0.035397,0.12369,0.014148,0.0039062
3.5,2,8.25,10,-0.0049006,-0.034692,0.10996,0.015855,0.0040307
3.5,2,8.25,9,-0.0048671,-0.034471,0.097355,0.018123,0.0041317
3.5,2,8.25,12,-0.0048682,-0.036415,0.13886,0.01291,0.0037783
3.5,2,9,11,-0.0059877,-0.037674,0.14283,0.004859,0.0053053
3.5,2,9,10,-0.0060159,-0.036696,0.1281,0.0076499,0.0054498
3.5,2,9,9,-0.0060261,-0.036016,0.11462,0.010866,0.0055782
3.5,2,9,12,-0.0059062,-0.039087,0.15906,0.0024892,0.005135
4.25,1.5,6.75,10,-0.0025356,-0.031672,0.14108,0.022399,0.0013438
4.25,1.5,6.75,9,-0.0025416,-0.030499,0.12042,0.021093,0.0014472
4.25,1.5,7.5,11,-0.0035097,-0.027816,0.156,0.010562,0.0021849
4.25,1.5,7.5,10,-0.0035654,-0.026304,0.13653,0.010097,0.002316
4.25,1.5,7.5,9,-0.0036112,-0.025,0.11786,0.010347,0.0024426
4.25,1.5,7.5,12,-0.0034064,-0.029813,0.17717,0.011837,0.0020482
4.25,1.5,8.25,11,-0.0043269,-0.028793,0.17182,-0.0040592,0.0032632
4.25,1.5,8.25,10,-0.0044313,-0.027043,0.15068,-0.0027358,0.0034215
4.25,1.5,8.25,9,-0.0045167,-0.025573,0.13158,-0.00075061,0.0035731
4.25,1.5,8.25,12,-0.0041884,-0.030823,0.19407,-0.0046257,0.003097
4.25,1.5,9,11,-0.0049425,-0.03378,0.19195,-0.019375,0.0043797
4.25,1.5,9,10,-0.0050982,-0.03176,0.16905,-0.015925,0.0045749
4.25,1.5,9,9,-0.0052169,-0.029988,0.14738,-0.011945,0.0047608
4.25,1.5,9,12,-0.004726,-0.036151,0.21783,-0.022439,0.0041623
4.25,1.75,6.75,10,-0.0024981,-0.045903,0.15262,0.033623,0.0013432
4.25,1.75,6.75,9,-0.0024534,-0.045642,0.12986,0.032906,0.0014438
4.25,1.75,7.5,11,-0.0036229,-0.037748,0.15597,0.02198,0.0022098
4.25,1.75,7.5,10,-0.0036357,-0.036521,0.13471,0.021757,0.0023313
4.25,1.75,7.5,9,-0.0036001,-0.036016,0.11581,0.022418,0.0024368
4.25,1.75,7.5,12,-0.0035725,-0.03937,0.17887,0.022923,0.0020784
4.25,1.75,8.25,11,-0.0048098,-0.034285,0.16161,0.0098232,0.0034092
4.25,1.75,8.25,10,-0.0048581,-0.032881,0.14184,0.010885,0.0035558
4.25,1.75,8.25,9,-0.0048677,-0.032009,0.12389,0.012809,0.0036881
4.25,1.75,8.25,12,-0.0047468,-0.036001,0.18387,0.0091902,0.0032665
4.25,1.75,9,11,-0.0057924,-0.036467,0.18085,-0.0036235,0.0047306
4.25,1.75,9,10,-0.0059036,-0.034668,0.1597,-0.00080611,0.0049165
4.25,1.75,9,9,-0.0059648,-0.033336,0.14107,0.0023964,0.005084
4.25,1.75,9,12,-0.0056958,-0.038205,0.20342,-0.0058778,0.004554
4.25,2,6.75,10,-0.0024201,-0.065234,0.16995,0.047626,0.0013461
4.25,2,6.75,9,-0.002355,-0.065852,0.14615,0.047365,0.0014435
4.25,2,7.5,11,-0.003582,-0.052387,0.16068,0.034809,0.002202
4.25,2,7.5,10,-0.0035355,-0.051814,0.13907,0.034859,0.0023114
4.25,2,7.5,9,-0.003447,-0.052528,0.11949,0.036071,0.0024127
4.25,2,7.5,12,-0.0035849,-0.053384,0.18395,0.035412,0.0020767
4.25,2,8.25,11,-0.0049411,-0.045175,0.15677,0.023983,0.0034448
4.25,2,8.25,10,-0.0049228,-0.044434,0.13694,0.025361,0.003569
4.25,2,8.25,9,-0.0048692,-0.044373,0.11996,0.02728,0.0036859
4.25,2,8.25,12,-0.0049315,-0.046278,0.17834,0.023217,0.0033047
4.25,2,9,11,-0.0063264,-0.043031,0.17074,0.012527,0.0049162
4.25,2,9,10,-0.006353,-0.04199,0.15126,0.015258,0.0050745
4.25,2,9,9,-0.0063231,-0.041556,0.13411,0.018382,0.0052079
4.25,2,9,12,-0.0062746,-0.044434,0.19237,0.010382,0.0047547
5,1.5,7.5,10,-0.0035639,-0.040402,0.22234,0.024734,0.0018343
5,1.5,7.5,9,-0.0035697,-0.038785,0.18674,0.02355,0.0019617
5,1.5,8.25,11,-0.0046197,-0.035846,0.23248,0.0072637,0.0028378
5,1.5,8.25,10,-0.004755,-0.033606,0.20382,0.0070737,0.0030193
5,1.5,8.25,9,-0.0048188,-0.031851,0.17397,0.008221,0.0031783
5,1.5,8.25,12,-0.0044601,-0.038371,0.26481,0.0082451,0.0026481
5,1.5,9,11,-0.0054809,-0.037221,0.24447,-0.012686,0.0040777
5,1.5,9,10,-0.0056615,-0.034813,0.21393,-0.010149,0.0042956
5,1.5,9,9,-0.0058134,-0.032704,0.18706,-0.007083,0.0045044
5,1.5,9,12,-0.0052952,-0.039777,0.27629,-0.01409,0.0038746
5,1.75,7.5,10,-0.0035118,-0.057455,0.22998,0.039956,0.0018206
5,1.75,7.5,9,-0.0034611,-0.056999,0.19489,0.039421,0.0019484
5,1.75,8.25,11,-0.004864,-0.046634,0.22697,0.02278,0.0028824
5,1.75,8.25,10,-0.0048891,-0.045062,0.19528,0.023149,0.0030367
5,1.75,8.25,9,-0.0048621,-0.044142,0.16692,0.024433,0.0031729
5,1.75,8.25,12,-0.0047618,-0.048828,0.259,0.023595,0.0027044
5,1.75,9,11,-0.0061996,-0.042577,0.22672,0.0062896,0.0043077
5,1.75,9,10,-0.0062847,-0.040726,0.19878,0.0082257,0.0044944
5,1.75,9,9,-0.006325,-0.039384,0.1735,0.011156,0.0046656
5,1.75,9,12,-0.0060834,-0.044856,0.25768,0.004811,0.0041098
5,2,7.5,10,-0.0034038,-0.080902,0.25018,0.058079,0.0018174
5,2,7.5,9,-0.0033083,-0.081842,0.21267,0.058223,0.0019398
5,2,8.25,11,-0.0048385,-0.063714,0.22786,0.039714,0.0028714
5,2,8.25,10,-0.0047778,-0.063222,0.19646,0.040413,0.003011
5,2,8.25,9,-0.0046791,-0.063645,0.1684,0.042179,0.0031364
5,2,8.25,12,-0.0048371,-0.065043,0.26312,0.040037,0.0027147
5,2,9,11,-0.0064475,-0.054472,0.21662,0.024856,0.0043613
5,2,9,10,-0.0064307,-0.053487,0.18878,0.027123,0.0045224
5,2,9,9,-0.0063756,-0.053241,0.16531,0.029971,0.004666
5,2,9,12,-0.0064029,-0.055937,0.24611,0.023296,0.0041803
