15,0,0.0002
15,0.0067789,0.0004
15,0.012007,0.0006
15,0.016628,0.0008
15,0.02137,0.001
15,0.025869,0.0012
15,0.03049,0.0014
15,0.034961,0.0016
15,0.039536,0.0018
15,0.043998,0.002
15,0.048869,0.0022
15,0.053303,0.0024
15,0.058089,0.0026
15,0.06283,0.0028
15,0.06754,0.003
15,0.07222,0.0032
15,0.076877,0.0034
15,0.081468,0.0036
15,0.086332,0.0038
15,0.090934,0.004
15,0.095698,0.0042
15,0.10048,0.0044
15,0.1052,0.0046
15,0.1099,0.0048
15,0.1148,0.005
15,0.11947,0.0052
15,0.1243,0.0054
15,0.1291,0.0056
15,0.13388,0.0058
15,0.13865,0.006
12.5,0,0.0002
12.5,0.0049957,0.0004
12.5,0.011318,0.0006
12.5,0.015921,0.0008
12.5,0.020658,0.001
12.5,0.025317,0.0012
12.5,0.029473,0.0014
12.5,0.034333,0.0016
12.5,0.039213,0.0018
12.5,0.043698,0.002
12.5,0.048634,0.0022
12.5,0.053161,0.0024
12.5,0.057752,0.0026
12.5,0.062394,0.0028
12.5,0.067077,0.003
12.5,0.072101,0.0032
12.5,0.076486,0.0034
12.5,0.081257,0.0036
12.5,0.086047,0.0038
12.5,0.09081,0.004
12.5,0.095635,0.0042
12.5,0.10043,0.0044
12.5,0.10507,0.0046
12.5,0.1099,0.0048
12.5,0.11478,0.005
12.5,0.11963,0.0052
12.5,0.12432,0.0054
12.5,0.12919,0.0056
12.5,0.13408,0.0058
10,0,0.0002
10,0.0056802,0.0004
10,0.0091452,0.0006
10,0.015309,0.0008
10,0.018994,0.001
10,0.024122,0.0012
10,0.028702,0.0014
10,0.033434,0.0016
10,0.037832,0.0018
10,0.042387,0.002
10,0.047133,0.0022
10,0.052024,0.0024
10,0.056592,0.0026
10,0.061311,0.0028
10,0.065773,0.003
10,0.070379,0.0032
10,0.075106,0.0034
10,0.07993,0.0036
10,0.084497,0.0038
10,0.089211,0.004
10,0.093972,0.0042
10,0.098848,0.0044
10,0.10351,0.0046
10,0.10829,0.0048
10,0.1131,0.005
10,0.11797,0.0052
10,0.12272,0.0054
10,0.12751,0.0056
7.5,0,0.0002
7.5,0.0063481,0.0004
7.5,0.0086888,0.0006
7.5,0.0132,0.0008
7.5,0.018572,0.001
7.5,0.022012,0.0012
7.5,0.02744,0.0014
7.5,0.031405,0.0016
7.5,0.035969,0.0018
7.5,0.040362,0.002
7.5,0.044487,0.0022
7.5,0.049033,0.0024
7.5,0.053389,0.0026
7.5,0.05807,0.0028
7.5,0.06213,0.003
7.5,0.066922,0.0032
7.5,0.071154,0.0034
7.5,0.076019,0.0036
7.5,0.08033,0.0038
7.5,0.084913,0.004
7.5,0.089372,0.0042
7.5,0.093995,0.0044
7.5,0.098824,0.0046
7.5,0.10322,0.0048
7.5,0.10809,0.005
7.5,0.11281,0.0052
7.5,0.11742,0.0054
5,-0.0017555,0.0002
5,0.0025926,0.0004
5,0.0065914,0.0006
5,0.010504,0.0008
5,0.014067,0.001
5,0.017979,0.0012
5,0.021865,0.0014
5,0.025645,0.0016
5,0.029526,0.0018
5,0.033466,0.002
5,0.037318,0.0022
5,0.041231,0.0024
5,0.045182,0.0026
5,0.049119,0.0028
5,0.053093,0.003
5,0.057098,0.0032
5,0.061127,0.0034
5,0.065173,0.0036
5,0.069233,0.0038
5,0.073315,0.004
5,0.077478,0.0042
5,0.081682,0.0044
5,0.085852,0.0046
5,0.090118,0.0048
5,0.094384,0.005
5,0.098697,0.0052
15,-0,-0.0002
15,-0.0067789,-0.0004
15,-0.012007,-0.0006
15,-0.016628,-0.0008
15,-0.02137,-0.001
15,-0.025869,-0.0012
15,-0.03049,-0.0014
15,-0.034961,-0.0016
15,-0.039536,-0.0018
15,-0.043998,-0.002
15,-0.048869,-0.0022
15,-0.053303,-0.0024
15,-0.058089,-0.0026
15,-0.06283,-0.0028
15,-0.06754,-0.003
15,-0.07222,-0.0032
15,-0.076877,-0.0034
15,-0.081468,-0.0036
15,-0.086332,-0.0038
15,-0.090934,-0.004
15,-0.095698,-0.0042
15,-0.10048,-0.0044
15,-0.1052,-0.0046
15,-0.1099,-0.0048
15,-0.1148,-0.005
15,-0.11947,-0.0052
15,-0.1243,-0.0054
15,-0.1291,-0.0056
15,-0.13388,-0.0058
15,-0.13865,-0.006
12.5,-0,-0.0002
12.5,-0.0049957,-0.0004
12.5,-0.011318,-0.0006
12.5,-0.015921,-0.0008
12.5,-0.020658,-0.001
12.5,-0.025317,-0.0012
12.5,-0.029473,-0.0014
12.5,-0.034333,-0.0016
12.5,-0.039213,-0.0018
12.5,-0.043698,-0.002
12.5,-0.048634,-0.0022
12.5,-0.053161,-0.0024
12.5,-0.057752,-0.0026
12.5,-0.062394,-0.0028
12.5,-0.067077,-0.003
12.5,-0.072101,-0.0032
12.5,-0.076486,-0.0034
12.5,-0.081257,-0.0036
12.5,-0.086047,-0.0038
12.5,-0.09081,-0.004
12.5,-0.095635,-0.0042
12.5,-0.10043,-0.0044
12.5,-0.10507,-0.0046
12.5,-0.1099,-0.0048
12.5,-0.11478,-0.005
12.5,-0.11963,-0.0052
12.5,-0.12432,-0.0054
12.5,-0.12919,-0.0056
12.5,-0.13408,-0.0058
10,-0,-0.0002
10,-0.0056802,-0.0004
10,-0.0091452,-0.0006
10,-0.015309,-0.0008
10,-0.018994,-0.001
10,-0.024122,-0.0012
10,-0.028702,-0.0014
10,-0.033434,-0.0016
10,-0.037832,-0.0018
10,-0.042387,-0.002
10,-0.047133,-0.0022
10,-0.052024,-0.0024
10,-0.056592,-0.0026
10,-0.061311,-0.0028
10,-0.065773,-0.003
10,-0.070379,-0.0032
10,-0.075106,-0.0034
10,-0.07993,-0.0036
10,-0.084497,-0.0038
10,-0.089211,-0.004
10,-0.093972,-0.0042
10,-0.098848,-0.0044
10,-0.10351,-0.0046
10,-0.10829,-0.0048
10,-0.1131,-0.005
10,-0.11797,-0.0052
10,-0.12272,-0.0054
10,-0.12751,-0.0056
7.5,-0,-0.0002
7.5,-0.0063481,-0.0004
7.5,-0.0086888,-0.0006
7.5,-0.0132,-0.0008
7.5,-0.018572,-0.001
7.5,-0.022012,-0.0012
7.5,-0.02744,-0.0014
7.5,-0.031405,-0.0016
7.5,-0.035969,-0.0018
7.5,-0.040362,-0.002
7.5,-0.044487,-0.0022
7.5,-0.049033,-0.0024
7.5,-0.053389,-0.0026
7.5,-0.05807,-0.0028
7.5,-0.06213,-0.003
7.5,-0.066922,-0.0032
7.5,-0.071154,-0.0034
7.5,-0.076019,-0.0036
7.5,-0.08033,-0.0038
7.5,-0.084913,-0.004
7.5,-0.089372,-0.0042
7.5,-0.093995,-0.0044
7.5,-0.098824,-0.0046
7.5,-0.10322,-0.0048
7.5,-0.10809,-0.005
7.5,-0.11281,-0.0052
7.5,-0.11742,-0.0054
5,0.0017555,-0.0002
5,-0.0025926,-0.0004
5,-0.0065914,-0.0006
5,-0.010504,-0.0008
5,-0.014067,-0.001
5,-0.017979,-0.0012
5,-0.021865,-0.0014
5,-0.025645,-0.0016
5,-0.029526,-0.0018
5,-0.033466,-0.002
5,-0.037318,-0.0022
5,-0.041231,-0.0024
5,-0.045182,-0.0026
5,-0.049119,-0.0028
5,-0.053093,-0.003
5,-0.057098,-0.0032
5,-0.061127,-0.0034
5,-0.065173,-0.0036
5,-0.069233,-0.0038
5,-0.073315,-0.004
5,-0.077478,-0.0042
5,-0.081682,-0.0044
5,-0.085852,-0.0046
5,-0.090118,-0.0048
5,-0.094384,-0.005
5,-0.098697,-0.0052
