0,-1.5937e-17,0
0.5,0.0095395,0
1,0.0188,0
1.5,0.027788,0
2,0.036514,0
2.5,0.044987,0
3,0.053216,0
3.5,0.06121,0
4,0.06898,0
4.5,0.076534,0
5,0.083882,0
5.5,0.091032,0
6,0.097993,0
6.5,0.10477,0
7,0.11138,0
7.5,0.11782,0
8,0.12411,0
8.5,0.13024,0
9,0.13622,0
9.5,0.14207,0
10,0.14778,0
10.5,0.15337,0
11,0.15883,0
11.5,0.16417,0
12,0.1694,0
12.5,0.17453,0
13,0.17955,0
13.5,0.18446,0
14,0.18929,0
14.5,0.19402,0
15,0.19866,0
15,0.18971,0.0002
15,0.18062,0.0004
15,0.17141,0.0006
15,0.16204,0.0008
15,0.15252,0.001
15,0.14283,0.0012
15,0.13297,0.0014
15,0.12291,0.0016
15,0.11266,0.0018
15,0.10219,0.002
15,0.091486,0.0022
15,0.080538,0.0024
15,0.069324,0.0026
15,0.057823,0.0028
15,0.046015,0.003
15,0.033873,0.0032
15,0.02137,0.0034
15,0.0084745,0.0036
15,-0.004847,0.0038
15,-0.018634,0.004
15,-0.032929,0.0042
15,-0.047783,0.0044
15,-0.063248,0.0046
15,-0.079387,0.0048
15,-0.096266,0.005
15,-0.11397,0.0052
15,-0.13258,0.0054
15,-0.15221,0.0056
15,-0.17303,0.0058
15,-0.19531,0.006
12.5,0.16497,0.0002
12.5,0.15526,0.0004
12.5,0.14537,0.0006
12.5,0.13529,0.0008
12.5,0.12502,0.001
12.5,0.11455,0.0012
12.5,0.10385,0.0014
12.5,0.092904,0.0016
12.5,0.081705,0.0018
12.5,0.070231,0.002
12.5,0.058459,0.0022
12.5,0.046367,0.0024
12.5,0.033929,0.0026
12.5,0.021116,0.0028
12.5,0.0078981,0.003
12.5,-0.005761,0.0032
12.5,-0.0199,0.0034
12.5,-0.034563,0.0036
12.5,-0.049795,0.0038
12.5,-0.065651,0.004
12.5,-0.082186,0.0042
12.5,-0.099468,0.0044
12.5,-0.11756,0.0046
12.5,-0.13656,0.0048
12.5,-0.15654,0.005
12.5,-0.1777,0.0052
12.5,-0.20019,0.0054
12.5,-0.22415,0.0056
10,0.13748,0.0002
10,0.12698,0.0004
10,0.11626,0.0006
10,0.10531,0.0008
10,0.094113,0.001
10,0.082645,0.0012
10,0.070891,0.0014
10,0.058828,0.0016
10,0.046432,0.0018
10,0.033678,0.002
10,0.020536,0.0022
10,0.0069748,0.0024
10,-0.0070416,0.0026
10,-0.021549,0.0028
10,-0.036592,0.003
10,-0.052213,0.0032
10,-0.068464,0.0034
10,-0.085394,0.0036
10,-0.10306,0.0038
10,-0.12152,0.004
10,-0.14085,0.0042
10,-0.16111,0.0044
10,-0.18246,0.0046
10,-0.20496,0.0048
10,-0.22869,0.005
7.5,0.1066,0.0002
7.5,0.095124,0.0004
7.5,0.083368,0.0006
7.5,0.071313,0.0008
7.5,0.058938,0.001
7.5,0.046218,0.0012
7.5,0.033128,0.0014
7.5,0.019637,0.0016
7.5,0.0057139,0.0018
7.5,-0.0086759,0.002
7.5,-0.023567,0.0022
7.5,-0.039,0.0024
7.5,-0.055018,0.0026
7.5,-0.071661,0.0028
7.5,-0.088976,0.003
7.5,-0.107,0.0032
7.5,-0.12579,0.0034
7.5,-0.14537,0.0036
7.5,-0.16583,0.0038
7.5,-0.18722,0.004
7.5,-0.2096,0.0042
7.5,-0.2329,0.0044
5,0.071506,0.0002
5,0.058798,0.0004
5,0.045734,0.0006
5,0.032287,0.0008
5,0.018426,0.001
5,0.0041243,0.0012
5,-0.010654,0.0014
5,-0.025941,0.0016
5,-0.041772,0.0018
5,-0.058186,0.002
5,-0.075213,0.0022
5,-0.092892,0.0024
5,-0.11124,0.0026
5,-0.1303,0.0028
5,-0.15008,0.003
5,-0.17061,0.0032
5,-0.19193,0.0034
5,-0.21405,0.0036
5,-0.23685,0.0038
5,-0.26048,0.004
15,0.20748,-0.0002
15,0.21619,-0.0004
15,0.2248,-0.0006
15,0.2333,-0.0008
15,0.2417,-0.001
15,0.25001,-0.0012
15,0.25823,-0.0014
15,0.26637,-0.0016
15,0.27444,-0.0018
15,0.28243,-0.002
15,0.29036,-0.0022
15,0.29822,-0.0024
15,0.30602,-0.0026
15,0.31377,-0.0028
15,0.32147,-0.003
15,0.32912,-0.0032
15,0.33672,-0.0034
15,0.34429,-0.0036
15,0.35183,-0.0038
15,0.35934,-0.004
15,0.36682,-0.0042
15,0.37428,-0.0044
15,0.38172,-0.0046
15,0.38914,-0.0048
15,0.39655,-0.005
15,0.40394,-0.0052
15,0.41132,-0.0054
15,0.41869,-0.0056
15,0.42605,-0.0058
15,0.4334,-0.006
12.5,0.18393,-0.0002
12.5,0.19319,-0.0004
12.5,0.20232,-0.0006
12.5,0.21131,-0.0008
12.5,0.22019,-0.001
12.5,0.22896,-0.0012
12.5,0.23762,-0.0014
12.5,0.24618,-0.0016
12.5,0.25464,-0.0018
12.5,0.26302,-0.002
12.5,0.27132,-0.0022
12.5,0.27953,-0.0024
12.5,0.28767,-0.0026
12.5,0.29575,-0.0028
12.5,0.30376,-0.003
12.5,0.31171,-0.0032
12.5,0.31961,-0.0034
12.5,0.32747,-0.0036
12.5,0.33527,-0.0038
12.5,0.34304,-0.004
12.5,0.35078,-0.0042
12.5,0.35848,-0.0044
12.5,0.36616,-0.0046
12.5,0.37381,-0.0048
12.5,0.38144,-0.005
12.5,0.38905,-0.0052
12.5,0.39664,-0.0054
12.5,0.40421,-0.0056
12.5,0.41177,-0.0058
10,0.15789,-0.0002
10,0.16782,-0.0004
10,0.17758,-0.0006
10,0.18718,-0.0008
10,0.19663,-0.001
10,0.20595,-0.0012
10,0.21513,-0.0014
10,0.22419,-0.0016
10,0.23313,-0.0018
10,0.24197,-0.002
10,0.2507,-0.0022
10,0.25933,-0.0024
10,0.26788,-0.0026
10,0.27634,-0.0028
10,0.28472,-0.003
10,0.29302,-0.0032
10,0.30127,-0.0034
10,0.30944,-0.0036
10,0.31757,-0.0038
10,0.32564,-0.004
10,0.33367,-0.0042
10,0.34166,-0.0044
10,0.34961,-0.0046
10,0.35753,-0.0048
10,0.36541,-0.005
10,0.37327,-0.0052
10,0.3811,-0.0054
10,0.3889,-0.0056
7.5,0.1288,-0.0002
7.5,0.13955,-0.0004
7.5,0.15009,-0.0006
7.5,0.16043,-0.0008
7.5,0.17059,-0.001
7.5,0.18057,-0.0012
7.5,0.19038,-0.0014
7.5,0.20005,-0.0016
7.5,0.20956,-0.0018
7.5,0.21895,-0.002
7.5,0.2282,-0.0022
7.5,0.23734,-0.0024
7.5,0.24636,-0.0026
7.5,0.25527,-0.0028
7.5,0.26409,-0.003
7.5,0.27282,-0.0032
7.5,0.28146,-0.0034
7.5,0.29003,-0.0036
7.5,0.29852,-0.0038
7.5,0.30695,-0.004
7.5,0.31532,-0.0042
7.5,0.32363,-0.0044
7.5,0.3319,-0.0046
7.5,0.34013,-0.0048
7.5,0.34831,-0.005
7.5,0.35645,-0.0052
7.5,0.36456,-0.0054
5,0.095948,-0.0002
5,0.10772,-0.0004
5,0.11923,-0.0006
5,0.13049,-0.0008
5,0.14151,-0.001
5,0.15231,-0.0012
5,0.1629,-0.0014
5,0.1733,-0.0016
5,0.18352,-0.0018
5,0.19357,-0.002
5,0.20345,-0.0022
5,0.21319,-0.0024
5,0.22279,-0.0026
5,0.23225,-0.0028
5,0.2416,-0.003
5,0.25082,-0.0032
5,0.25994,-0.0034
5,0.26896,-0.0036
5,0.27789,-0.0038
5,0.28674,-0.004
5,0.29551,-0.0042
5,0.30421,-0.0044
5,0.31285,-0.0046
5,0.32144,-0.0048
5,0.32996,-0.005
5,0.33844,-0.0052
