0,1.0069e-17,0,0,-7.6767e-17,0,0,-2.3387e-17,0,0,-2.0521e-17,0
0.5,0.020939,0,0.5,0.010201,0,0.5,0.016044,0,0.5,0.012065,0
1,0.040878,0,1,0.020088,0,1,0.031379,0,1,0.023732,0
1.5,0.059781,0,1.5,0.029672,0,1.5,0.046017,0,1.5,0.035007,0
2,0.077653,0,2,0.038961,0,2,0.059981,0,2,0.0459,0
2.5,0.094529,0,2.5,0.047963,0,2.5,0.073299,0,2.5,0.056422,0
3,0.11046,0,3,0.056696,0,3,0.086004,0,3,0.066583,0
3.5,0.12551,0,3.5,0.065167,0,3.5,0.098132,0,3.5,0.076406,0
4,0.13974,0,4,0.073386,0,4,0.10972,0,4,0.0859,0
4.5,0.15322,0,4.5,0.081366,0,4.5,0.1208,0,4.5,0.09508,0
5,0.16601,0,5,0.089116,0,5,0.1314,0,5,0.10396,0
5.5,0.17816,0,5.5,0.096647,0,5.5,0.14157,0,5.5,0.11256,0
6,0.18973,0,6,0.10397,0,6,0.15132,0,6,0.12089,0
6.5,0.20077,0,6.5,0.11109,0,6.5,0.16069,0,6.5,0.12896,0
7,0.21132,0,7,0.11802,0,7,0.16971,0,7,0.13678,0
7.5,0.22142,0,7.5,0.12477,0,7.5,0.17839,0,7.5,0.14438,0
8,0.23111,0,8,0.13134,0,8,0.18675,0,8,0.15175,0
8.5,0.24041,0,8.5,0.13775,0,8.5,0.19483,0,8.5,0.15892,0
9,0.24937,0,9,0.144,0,9,0.20263,0,9,0.16589,0
9.5,0.25801,0,9.5,0.1501,0,9.5,0.21019,0,9.5,0.17266,0
10,0.26632,0,10,0.15605,0,10,0.21748,0,10,0.17926,0
10.5,0.27438,0,10.5,0.16186,0,10.5,0.22457,0,10.5,0.18568,0
11,0.28215,0,11,0.16754,0,11,0.23143,0,11,0.19195,0
11.5,0.2897,0,11.5,0.17309,0,11.5,0.23811,0,11.5,0.19806,0
12,0.29701,0,12,0.17851,0,12,0.24458,0,12,0.20402,0
12.5,0.30412,0,12.5,0.18383,0,12.5,0.25089,0,12.5,0.20984,0
13,0.31102,0,13,0.18902,0,13,0.25702,0,13,0.21552,0
13.5,0.31774,0,13.5,0.19411,0,13.5,0.263,0,13.5,0.22108,0
14,0.32428,0,14,0.1991,0,14,0.26882,0,14,0.22651,0
14.5,0.33066,0,14.5,0.20399,0,14.5,0.27451,0,14.5,0.23183,0
15,0.33688,0,15,0.20878,0,15,0.28006,0,15,0.23703,0
15,0.34629,0.0002,15,0.21828,0.0002,15,0.28974,0.0002,15,0.24179,0.0001
15,0.35558,0.0004,15,0.22764,0.0004,15,0.29931,0.0004,15,0.24652,0.0002
15,0.36477,0.0006,15,0.23689,0.0006,15,0.30877,0.0006,15,0.25121,0.0003
15,0.37387,0.0008,15,0.24602,0.0008,15,0.31813,0.0008,15,0.25587,0.0004
15,0.38289,0.001,15,0.25504,0.001,15,0.3274,0.001,15,0.2605,0.0005
15,0.39182,0.0012,15,0.26396,0.0012,15,0.33657,0.0012,15,0.2651,0.0006
15,0.40068,0.0014,15,0.27279,0.0014,15,0.34566,0.0014,15,0.26968,0.0007
15,0.40947,0.0016,15,0.28153,0.0016,15,0.35467,0.0016,15,0.27422,0.0008
15,0.4182,0.0018,15,0.29019,0.0018,15,0.36361,0.0018,15,0.27874,0.0009
15,0.42687,0.002,15,0.29877,0.002,15,0.37248,0.002,15,0.28324,0.001
15,0.43548,0.0022,15,0.30728,0.0022,15,0.3813,0.0022,15,0.28771,0.0011
15,0.44404,0.0024,15,0.31572,0.0024,15,0.39006,0.0024,15,0.29215,0.0012
15,0.45256,0.0026,15,0.3241,0.0026,15,0.39877,0.0026,15,0.29657,0.0013
15,0.46103,0.0028,15,0.33243,0.0028,15,0.40743,0.0028,15,0.30097,0.0014
15,0.46946,0.003,15,0.3407,0.003,15,0.41606,0.003,15,0.30535,0.0015
15,0.47787,0.0032,15,0.34892,0.0032,15,0.42465,0.0032,15,0.30971,0.0016
15,0.48625,0.0034,15,0.3571,0.0034,15,0.43321,0.0034,15,0.31404,0.0017
15,0.49461,0.0036,15,0.36524,0.0036,15,0.44175,0.0036,15,0.31836,0.0018
0,0,0,15,0.37335,0.0038,15,0.45028,0.0038,15,0.32266,0.0019
0,0,0,15,0.38143,0.004,15,0.4588,0.004,15,0.32693,0.002
0,0,0,15,0.38949,0.0042,15,0.46732,0.0042,15,0.3312,0.0021
0,0,0,15,0.39753,0.0044,15,0.47584,0.0044,15,0.33544,0.0022
0,0,0,15,0.40555,0.0046,15,0.48437,0.0046,15,0.33967,0.0023
0,0,0,15,0.41356,0.0048,15,0.49292,0.0048,15,0.34388,0.0024
0,0,0,15,0.42157,0.005,0,0,0,15,0.34807,0.0025
0,0,0,15,0.42957,0.0052,0,0,0,15,0.35226,0.0026
0,0,0,15,0.43758,0.0054,0,0,0,15,0.35642,0.0027
0,0,0,15,0.44559,0.0056,0,0,0,15,0.36058,0.0028
0,0,0,15,0.4536,0.0058,0,0,0,15,0.36472,0.0029
0,0,0,15,0.46163,0.006,0,0,0,15,0.36885,0.003
12.5,0.31427,0.0002,12.5,0.19395,0.0002,12.5,0.2613,0.0002,12.5,0.21495,0.0001
12.5,0.32428,0.0004,12.5,0.20392,0.0004,12.5,0.27157,0.0004,12.5,0.22001,0.0002
12.5,0.33415,0.0006,12.5,0.21373,0.0006,12.5,0.28169,0.0006,12.5,0.22504,0.0003
12.5,0.34391,0.0008,12.5,0.2234,0.0008,12.5,0.29167,0.0008,12.5,0.23002,0.0004
12.5,0.35354,0.001,12.5,0.23295,0.001,12.5,0.30154,0.001,12.5,0.23497,0.0005
12.5,0.36307,0.0012,12.5,0.24237,0.0012,12.5,0.31128,0.0012,12.5,0.23988,0.0006
12.5,0.37249,0.0014,12.5,0.25167,0.0014,12.5,0.32091,0.0014,12.5,0.24475,0.0007
12.5,0.38182,0.0016,12.5,0.26086,0.0016,12.5,0.33044,0.0016,12.5,0.24959,0.0008
12.5,0.39107,0.0018,12.5,0.26995,0.0018,12.5,0.33987,0.0018,12.5,0.2544,0.0009
12.5,0.40023,0.002,12.5,0.27895,0.002,12.5,0.34922,0.002,12.5,0.25917,0.001
12.5,0.40932,0.0022,12.5,0.28785,0.0022,12.5,0.35848,0.0022,12.5,0.26391,0.0011
12.5,0.41834,0.0024,12.5,0.29667,0.0024,12.5,0.36768,0.0024,12.5,0.26862,0.0012
12.5,0.42729,0.0026,12.5,0.30542,0.0026,12.5,0.3768,0.0026,12.5,0.2733,0.0013
12.5,0.43618,0.0028,12.5,0.31409,0.0028,12.5,0.38586,0.0028,12.5,0.27795,0.0014
12.5,0.44502,0.003,12.5,0.3227,0.003,12.5,0.39487,0.003,12.5,0.28257,0.0015
12.5,0.45381,0.0032,12.5,0.33125,0.0032,12.5,0.40383,0.0032,12.5,0.28717,0.0016
12.5,0.46256,0.0034,12.5,0.33973,0.0034,12.5,0.41274,0.0034,12.5,0.29174,0.0017
12.5,0.47128,0.0036,12.5,0.34818,0.0036,12.5,0.42163,0.0036,12.5,0.29629,0.0018
12.5,0.47997,0.0038,12.5,0.35657,0.0038,12.5,0.43048,0.0038,12.5,0.30081,0.0019
12.5,0.48863,0.004,12.5,0.36493,0.004,12.5,0.43932,0.004,12.5,0.30531,0.002
12.5,0.49724,0.0042,12.5,0.37326,0.0042,12.5,0.44815,0.0042,12.5,0.30979,0.0021
0,0,0,12.5,0.38156,0.0044,12.5,0.45697,0.0044,12.5,0.31425,0.0022
0,0,0,12.5,0.38983,0.0046,12.5,0.4658,0.0046,12.5,0.31868,0.0023
0,0,0,12.5,0.39809,0.0048,12.5,0.47464,0.0048,12.5,0.32309,0.0024
0,0,0,12.5,0.40633,0.005,12.5,0.48348,0.005,12.5,0.32749,0.0025
0,0,0,12.5,0.41457,0.0052,12.5,0.49232,0.0052,12.5,0.33186,0.0026
0,0,0,12.5,0.4228,0.0054,0,0,0,12.5,0.33622,0.0027
0,0,0,12.5,0.43103,0.0056,0,0,0,12.5,0.34056,0.0028
0,0,0,12.5,0.43926,0.0058,0,0,0,12.5,0.34489,0.0029
10,0.2775,0.0002,10,0.16695,0.0002,10,0.22887,0.0002,10,0.18481,0.0001
10,0.28848,0.0004,10,0.17765,0.0004,10,0.24005,0.0004,10,0.19031,0.0002
10,0.29927,0.0006,10,0.18816,0.0006,10,0.25103,0.0006,10,0.19575,0.0003
10,0.30988,0.0008,10,0.1985,0.0008,10,0.26183,0.0008,10,0.20114,0.0004
10,0.32033,0.001,10,0.20867,0.001,10,0.27245,0.001,10,0.20648,0.0005
10,0.33063,0.0012,10,0.21869,0.0012,10,0.28292,0.0012,10,0.21178,0.0006
10,0.34079,0.0014,10,0.22856,0.0014,10,0.29324,0.0014,10,0.21702,0.0007
10,0.35082,0.0016,10,0.23829,0.0016,10,0.30343,0.0016,10,0.22222,0.0008
10,0.36073,0.0018,10,0.2479,0.0018,10,0.31348,0.0018,10,0.22738,0.0009
10,0.37053,0.002,10,0.25738,0.002,10,0.32343,0.002,10,0.2325,0.001
10,0.38023,0.0022,10,0.26676,0.0022,10,0.33327,0.0022,10,0.23758,0.0011
10,0.38982,0.0024,10,0.27604,0.0024,10,0.34299,0.0024,10,0.24261,0.0012
10,0.39933,0.0026,10,0.28521,0.0026,10,0.35263,0.0026,10,0.24761,0.0013
10,0.40875,0.0028,10,0.2943,0.0028,10,0.36218,0.0028,10,0.25258,0.0014
10,0.4181,0.003,10,0.3033,0.003,10,0.37166,0.003,10,0.2575,0.0015
10,0.42737,0.0032,10,0.31222,0.0032,10,0.38106,0.0032,10,0.26239,0.0016
10,0.43658,0.0034,10,0.32108,0.0034,10,0.39041,0.0034,10,0.26725,0.0017
10,0.44575,0.0036,10,0.32987,0.0036,10,0.3997,0.0036,10,0.27208,0.0018
10,0.45487,0.0038,10,0.3386,0.0038,10,0.40895,0.0038,10,0.27688,0.0019
10,0.46394,0.004,10,0.34729,0.004,10,0.41817,0.004,10,0.28165,0.002
10,0.47296,0.0042,10,0.35592,0.0042,10,0.42736,0.0042,10,0.28639,0.0021
10,0.48193,0.0044,10,0.36452,0.0044,10,0.43655,0.0044,10,0.2911,0.0022
10,0.49086,0.0046,10,0.37309,0.0046,10,0.44573,0.0046,10,0.29578,0.0023
10,0.49975,0.0048,10,0.38162,0.0048,10,0.45491,0.0048,10,0.30044,0.0024
0,0,0,10,0.39014,0.005,10,0.46409,0.005,10,0.30508,0.0025
0,0,0,10,0.39864,0.0052,10,0.47325,0.0052,10,0.30969,0.0026
0,0,0,10,0.40713,0.0054,10,0.4824,0.0054,10,0.31427,0.0027
0,0,0,10,0.41561,0.0056,10,0.49153,0.0056,10,0.31884,0.0028
7.5,0.23406,0.0002,7.5,0.13665,0.0002,7.5,0.19109,0.0002,7.5,0.1505,0.0001
7.5,0.2464,0.0004,7.5,0.14826,0.0004,7.5,0.2035,0.0004,7.5,0.15655,0.0002
7.5,0.25847,0.0006,7.5,0.15964,0.0006,7.5,0.21563,0.0006,7.5,0.16252,0.0003
7.5,0.27028,0.0008,7.5,0.17079,0.0008,7.5,0.22751,0.0008,7.5,0.16843,0.0004
7.5,0.28185,0.001,7.5,0.18173,0.001,7.5,0.23916,0.001,7.5,0.17428,0.0005
7.5,0.29321,0.0012,7.5,0.19248,0.0012,7.5,0.25058,0.0012,7.5,0.18006,0.0006
7.5,0.30436,0.0014,7.5,0.20304,0.0014,7.5,0.26181,0.0014,7.5,0.18578,0.0007
7.5,0.31533,0.0016,7.5,0.21343,0.0016,7.5,0.27284,0.0016,7.5,0.19144,0.0008
7.5,0.32613,0.0018,7.5,0.22366,0.0018,7.5,0.28371,0.0018,7.5,0.19704,0.0009
7.5,0.33677,0.002,7.5,0.23375,0.002,7.5,0.29441,0.002,7.5,0.20259,0.001
7.5,0.34726,0.0022,7.5,0.24369,0.0022,7.5,0.30496,0.0022,7.5,0.20809,0.0011
7.5,0.35762,0.0024,7.5,0.2535,0.0024,7.5,0.31537,0.0024,7.5,0.21354,0.0012
7.5,0.36784,0.0026,7.5,0.26319,0.0026,7.5,0.32566,0.0026,7.5,0.21894,0.0013
7.5,0.37795,0.0028,7.5,0.27277,0.0028,7.5,0.33583,0.0028,7.5,0.22429,0.0014
7.5,0.38795,0.003,7.5,0.28224,0.003,7.5,0.34589,0.003,7.5,0.22959,0.0015
7.5,0.39785,0.0032,7.5,0.29162,0.0032,7.5,0.35586,0.0032,7.5,0.23485,0.0016
7.5,0.40766,0.0034,7.5,0.30091,0.0034,7.5,0.36574,0.0034,7.5,0.24007,0.0017
7.5,0.41738,0.0036,7.5,0.31011,0.0036,7.5,0.37554,0.0036,7.5,0.24525,0.0018
7.5,0.42704,0.0038,7.5,0.31924,0.0038,7.5,0.38528,0.0038,7.5,0.25038,0.0019
7.5,0.43664,0.004,7.5,0.3283,0.004,7.5,0.39496,0.004,7.5,0.25548,0.002
7.5,0.44617,0.0042,7.5,0.3373,0.0042,7.5,0.40461,0.0042,7.5,0.26055,0.0021
7.5,0.45563,0.0044,7.5,0.34625,0.0044,7.5,0.41422,0.0044,7.5,0.26557,0.0022
7.5,0.46502,0.0046,7.5,0.35515,0.0046,7.5,0.42382,0.0046,7.5,0.27056,0.0023
7.5,0.47435,0.0048,7.5,0.36401,0.0048,7.5,0.43341,0.0048,7.5,0.27552,0.0024
7.5,0.48363,0.005,7.5,0.37284,0.005,7.5,0.44298,0.005,7.5,0.28045,0.0025
7.5,0.49288,0.0052,7.5,0.38165,0.0052,7.5,0.45253,0.0052,7.5,0.28534,0.0026
0,0,0,7.5,0.39043,0.0054,7.5,0.46206,0.0054,7.5,0.29021,0.0027
5,0.18084,0.0002,5,0.10222,0.0002,5,0.14596,0.0002,5,0.11082,0.0001
5,0.19521,0.0004,5,0.11499,0.0004,5,0.16008,0.0004,5,0.11758,0.0002
5,0.20915,0.0006,5,0.12745,0.0006,5,0.17381,0.0006,5,0.12426,0.0003
5,0.2227,0.0008,5,0.13962,0.0008,5,0.18717,0.0008,5,0.13083,0.0004
5,0.23589,0.001,5,0.15152,0.001,5,0.2002,0.001,5,0.13733,0.0005
5,0.24876,0.0012,5,0.16317,0.0012,5,0.21293,0.0012,5,0.14373,0.0006
5,0.26132,0.0014,5,0.17459,0.0014,5,0.22536,0.0014,5,0.15006,0.0007
5,0.27361,0.0016,5,0.18579,0.0016,5,0.23754,0.0016,5,0.15631,0.0008
5,0.28564,0.0018,5,0.19679,0.0018,5,0.24947,0.0018,5,0.16249,0.0009
5,0.29744,0.002,5,0.2076,0.002,5,0.26118,0.002,5,0.16859,0.001
5,0.30903,0.0022,5,0.21823,0.0022,5,0.27268,0.0022,5,0.17463,0.0011
5,0.32042,0.0024,5,0.22869,0.0024,5,0.28399,0.0024,5,0.1806,0.0012
5,0.33162,0.0026,5,0.23901,0.0026,5,0.29512,0.0026,5,0.1865,0.0013
5,0.34265,0.0028,5,0.24918,0.0028,5,0.30609,0.0028,5,0.19234,0.0014
5,0.35352,0.003,5,0.25922,0.003,5,0.31691,0.003,5,0.19812,0.0015
5,0.36425,0.0032,5,0.26913,0.0032,5,0.32759,0.0032,5,0.20385,0.0016
5,0.37484,0.0034,5,0.27893,0.0034,5,0.33815,0.0034,5,0.20952,0.0017
5,0.3853,0.0036,5,0.28862,0.0036,5,0.34859,0.0036,5,0.21513,0.0018
5,0.39566,0.0038,5,0.29822,0.0038,5,0.35894,0.0038,5,0.22069,0.0019
5,0.40592,0.004,5,0.30773,0.004,5,0.3692,0.004,5,0.22621,0.002
5,0.4161,0.0042,5,0.31716,0.0042,5,0.37939,0.0042,5,0.23167,0.0021
5,0.42619,0.0044,5,0.32652,0.0044,5,0.38953,0.0044,5,0.23709,0.0022
5,0.43618,0.0046,5,0.33581,0.0046,5,0.39964,0.0046,5,0.24246,0.0023
5,0.44608,0.0048,5,0.34506,0.0048,5,0.40971,0.0048,5,0.24779,0.0024
5,0.4559,0.005,5,0.35425,0.005,5,0.41977,0.005,5,0.25308,0.0025
5,0.46564,0.0052,5,0.36341,0.0052,5,0.42979,0.0052,5,0.25833,0.0026
15,0.32738,-0.0002,15,0.19914,-0.0002,15,0.27025,-0.0002,15,0.23224,-0.0001
15,0.31773,-0.0004,15,0.18937,-0.0004,15,0.2603,-0.0004,15,0.22741,-0.0002
15,0.30798,-0.0006,15,0.17943,-0.0006,15,0.25021,-0.0006,15,0.22254,-0.0003
15,0.29807,-0.0008,15,0.16933,-0.0008,15,0.23996,-0.0008,15,0.21764,-0.0004
15,0.28802,-0.001,15,0.15905,-0.001,15,0.22955,-0.001,15,0.2127,-0.0005
15,0.27781,-0.0012,15,0.14859,-0.0012,15,0.21897,-0.0012,15,0.20771,-0.0006
15,0.26743,-0.0014,15,0.13792,-0.0014,15,0.20819,-0.0014,15,0.20269,-0.0007
15,0.25687,-0.0016,15,0.12703,-0.0016,15,0.19722,-0.0016,15,0.19761,-0.0008
15,0.2461,-0.0018,15,0.1159,-0.0018,15,0.18602,-0.0018,15,0.1925,-0.0009
15,0.23512,-0.002,15,0.10453,-0.002,15,0.17459,-0.002,15,0.18734,-0.001
15,0.22392,-0.0022,15,0.092879,-0.0022,15,0.1629,-0.0022,15,0.18213,-0.0011
15,0.21246,-0.0024,15,0.080939,-0.0024,15,0.15094,-0.0024,15,0.17687,-0.0012
15,0.20074,-0.0026,15,0.068683,-0.0026,15,0.13868,-0.0026,15,0.17156,-0.0013
15,0.18872,-0.0028,15,0.056083,-0.0028,15,0.1261,-0.0028,15,0.16619,-0.0014
15,0.17639,-0.003,15,0.043112,-0.003,15,0.11317,-0.003,15,0.16078,-0.0015
15,0.16371,-0.0032,15,0.029734,-0.0032,15,0.099857,-0.0032,15,0.1553,-0.0016
15,0.15065,-0.0034,15,0.015914,-0.0034,15,0.086124,-0.0034,15,0.14976,-0.0017
15,0.13718,-0.0036,15,0.0016134,-0.0036,15,0.071933,-0.0036,15,0.14416,-0.0018
15,0.12326,-0.0038,15,-0.013223,-0.0038,15,0.057238,-0.0038,15,0.1385,-0.0019
15,0.10884,-0.004,15,-0.028645,-0.004,15,0.041987,-0.004,15,0.13277,-0.002
15,0.093867,-0.0042,15,-0.044712,-0.0042,15,0.026123,-0.0042,15,0.12697,-0.0021
15,0.078281,-0.0044,15,-0.061494,-0.0044,15,0.0095704,-0.0044,15,0.1211,-0.0022
15,0.062015,-0.0046,15,-0.079067,-0.0046,15,-0.007742,-0.0046,15,0.11516,-0.0023
15,0.044989,-0.0048,15,-0.097521,-0.0048,15,-0.025904,-0.0048,15,0.10913,-0.0024
15,0.027114,-0.005,15,-0.11696,-0.005,15,-0.045018,-0.005,15,0.10303,-0.0025
15,0.0082746,-0.0052,15,-0.1375,-0.0052,15,-0.065198,-0.0052,15,0.09684,-0.0026
15,-0.011644,-0.0054,15,-0.15934,-0.0054,15,-0.086572,-0.0054,15,0.090568,-0.0027
15,-0.03278,-0.0056,15,-0.18274,-0.0056,15,-0.10928,-0.0056,15,0.084197,-0.0028
15,-0.055291,-0.0058,15,-0.20803,-0.0058,15,-0.13348,-0.0058,15,0.077738,-0.0029
15,-0.079355,-0.006,15,-0.23522,-0.006,15,-0.15932,-0.006,15,0.071171,-0.003
12.5,0.2938,-0.0002,12.5,0.17353,-0.0002,12.5,0.24029,-0.0002,12.5,0.20468,-0.0001
12.5,0.28333,-0.0004,12.5,0.16304,-0.0004,12.5,0.22953,-0.0004,12.5,0.19948,-0.0002
12.5,0.27267,-0.0006,12.5,0.15237,-0.0006,12.5,0.21857,-0.0006,12.5,0.19424,-0.0003
12.5,0.26183,-0.0008,12.5,0.14148,-0.0008,12.5,0.2074,-0.0008,12.5,0.18894,-0.0004
12.5,0.25077,-0.001,12.5,0.13037,-0.001,12.5,0.19601,-0.001,12.5,0.1836,-0.0005
12.5,0.23949,-0.0012,12.5,0.11901,-0.0012,12.5,0.18437,-0.0012,12.5,0.1782,-0.0006
12.5,0.22797,-0.0014,12.5,0.1074,-0.0014,12.5,0.17248,-0.0014,12.5,0.17274,-0.0007
12.5,0.21618,-0.0016,12.5,0.095503,-0.0016,12.5,0.16031,-0.0016,12.5,0.16723,-0.0008
12.5,0.20412,-0.0018,12.5,0.083305,-0.0018,12.5,0.14784,-0.0018,12.5,0.16167,-0.0009
12.5,0.19174,-0.002,12.5,0.07078,-0.002,12.5,0.13503,-0.002,12.5,0.15604,-0.001
12.5,0.17903,-0.0022,12.5,0.057901,-0.0022,12.5,0.12186,-0.0022,12.5,0.15035,-0.0011
12.5,0.16595,-0.0024,12.5,0.044638,-0.0024,12.5,0.10831,-0.0024,12.5,0.14459,-0.0012
12.5,0.15247,-0.0026,12.5,0.030956,-0.0026,12.5,0.094324,-0.0026,12.5,0.13876,-0.0013
12.5,0.13855,-0.0028,12.5,0.016819,-0.0028,12.5,0.079872,-0.0028,12.5,0.13287,-0.0014
12.5,0.12415,-0.003,12.5,0.0021879,-0.003,12.5,0.064907,-0.003,12.5,0.1269,-0.0015
12.5,0.10922,-0.0032,12.5,-0.012992,-0.0032,12.5,0.049374,-0.0032,12.5,0.12086,-0.0016
12.5,0.093702,-0.0034,12.5,-0.028769,-0.0034,12.5,0.033216,-0.0034,12.5,0.11474,-0.0017
12.5,0.077534,-0.0036,12.5,-0.045203,-0.0036,12.5,0.016367,-0.0036,12.5,0.10853,-0.0018
12.5,0.060641,-0.0038,12.5,-0.062358,-0.0038,12.5,-0.0012488,-0.0038,12.5,0.10224,-0.0019
12.5,0.042939,-0.004,12.5,-0.080309,-0.004,12.5,-0.019715,-0.004,12.5,0.095863,-0.002
12.5,0.02434,-0.0042,12.5,-0.099135,-0.0042,12.5,-0.039125,-0.0042,12.5,0.089391,-0.0021
12.5,0.004738,-0.0044,12.5,-0.11893,-0.0044,12.5,-0.059582,-0.0044,12.5,0.082825,-0.0022
12.5,-0.015979,-0.0046,12.5,-0.13981,-0.0046,12.5,-0.081197,-0.0046,12.5,0.076151,-0.0023
12.5,-0.037934,-0.0048,12.5,-0.16193,-0.0048,12.5,-0.10409,-0.0048,12.5,0.069378,-0.0024
12.5,-0.061249,-0.005,12.5,-0.18551,-0.005,12.5,-0.12837,-0.005,12.5,0.062493,-0.0025
12.5,-0.086041,-0.0052,12.5,-0.21074,-0.0052,12.5,-0.15416,-0.0052,12.5,0.055494,-0.0026
12.5,-0.11241,-0.0054,12.5,-0.23752,-0.0054,12.5,-0.18162,-0.0054,12.5,0.048375,-0.0027
12.5,-0.14043,-0.0056,12.5,-0.26612,-0.0056,12.5,-0.21087,-0.0056,12.5,0.041131,-0.0028
12.5,-0.17017,-0.0058,10,0.14492,-0.0002,12.5,-0.24173,-0.0058,12.5,0.033755,-0.0029
10,0.25492,-0.0002,10,0.13357,-0.0004,10,0.20586,-0.0002,10,0.17365,-0.0001
10,0.24328,-0.0004,10,0.12196,-0.0006,10,0.194,-0.0004,10,0.16798,-0.0002
10,0.23138,-0.0006,10,0.11009,-0.0008,10,0.18187,-0.0006,10,0.16225,-0.0003
10,0.21921,-0.0008,10,0.097925,-0.001,10,0.16945,-0.0008,10,0.15645,-0.0004
10,0.20673,-0.001,10,0.085447,-0.0012,10,0.15672,-0.001,10,0.15059,-0.0005
10,0.19392,-0.0012,10,0.072632,-0.0014,10,0.14364,-0.0012,10,0.14466,-0.0006
10,0.18075,-0.0014,10,0.059451,-0.0016,10,0.1302,-0.0014,10,0.13866,-0.0007
10,0.16719,-0.0016,10,0.045874,-0.0018,10,0.11636,-0.0016,10,0.13258,-0.0008
10,0.1532,-0.0018,10,0.031869,-0.002,10,0.10208,-0.0018,10,0.12643,-0.0009
10,0.13873,-0.002,10,0.017393,-0.0022,10,0.08732,-0.002,10,0.1202,-0.001
10,0.12375,-0.0022,10,0.0024063,-0.0024,10,0.072033,-0.0022,10,0.11388,-0.0011
10,0.1082,-0.0024,10,-0.013136,-0.0026,10,0.056168,-0.0024,10,0.10748,-0.0012
10,0.092014,-0.0026,10,-0.029286,-0.0028,10,0.039667,-0.0026,10,0.10098,-0.0013
10,0.075131,-0.0028,10,-0.046099,-0.003,10,0.022466,-0.0028,10,0.094393,-0.0014
10,0.057474,-0.003,10,-0.063636,-0.0032,10,0.004493,-0.003,10,0.087706,-0.0015
10,0.038961,-0.0032,10,-0.081961,-0.0034,10,-0.014329,-0.0032,10,0.080917,-0.0016
10,0.019499,-0.0034,10,-0.10115,-0.0036,10,-0.034085,-0.0034,10,0.074022,-0.0017
10,-0.0010084,-0.0036,10,-0.12127,-0.0038,10,-0.054864,-0.0036,10,0.067016,-0.0018
10,-0.022661,-0.0038,10,-0.14242,-0.004,10,-0.076756,-0.0038,10,0.059895,-0.0019
10,-0.045554,-0.004,10,-0.16472,-0.0042,10,-0.099845,-0.004,10,0.052652,-0.002
10,-0.069766,-0.0042,10,-0.18833,-0.0044,10,-0.12421,-0.0042,10,0.045283,-0.0021
10,-0.095342,-0.0044,10,-0.21331,-0.0046,10,-0.14991,-0.0044,10,0.037783,-0.0022
10,-0.12227,-0.0046,10,-0.23956,-0.0048,10,-0.17701,-0.0046,10,0.030146,-0.0023
10,-0.15048,-0.0048,10,-0.26679,-0.005,10,-0.20555,-0.0048,10,0.022365,-0.0024
10,-0.17981,-0.005,10,-0.29461,-0.0052,10,-0.23535,-0.005,10,0.014434,-0.0025
10,-0.21011,-0.0052,7.5,0.11261,-0.0002,10,-0.26593,-0.0052,10,0.0063463,-0.0026
10,-0.24135,-0.0054,7.5,0.10016,-0.0004,10,-0.29685,-0.0054,10,-0.0019045,-0.0027
10,-0.27396,-0.0056,7.5,0.08738,-0.0006,10,-0.32777,-0.0056,10,-0.010326,-0.0028
7.5,0.20845,-0.0002,7.5,0.074253,-0.0008,7.5,0.16536,-0.0002,7.5,0.13818,-0.0001
7.5,0.19513,-0.0004,7.5,0.060747,-0.001,7.5,0.15198,-0.0004,7.5,0.13191,-0.0002
7.5,0.18141,-0.0006,7.5,0.046834,-0.0012,7.5,0.13822,-0.0006,7.5,0.12555,-0.0003
7.5,0.16727,-0.0008,7.5,0.032477,-0.0014,7.5,0.12405,-0.0008,7.5,0.11911,-0.0004
7.5,0.15266,-0.001,7.5,0.017641,-0.0016,7.5,0.10943,-0.001,7.5,0.11258,-0.0005
7.5,0.13754,-0.0012,7.5,0.0022827,-0.0018,7.5,0.094307,-0.0012,7.5,0.10596,-0.0006
7.5,0.12186,-0.0014,7.5,-0.013641,-0.002,7.5,0.078649,-0.0014,7.5,0.099238,-0.0007
7.5,0.10556,-0.0016,7.5,-0.030178,-0.0022,7.5,0.0624,-0.0016,7.5,0.092422,-0.0008
7.5,0.088581,-0.0018,7.5,-0.047379,-0.0024,7.5,0.045504,-0.0018,7.5,0.085501,-0.0009
7.5,0.070849,-0.002,7.5,-0.065299,-0.0026,7.5,0.027899,-0.002,7.5,0.078473,-0.001
7.5,0.052291,-0.0022,7.5,-0.083991,-0.0028,7.5,0.0095181,-0.0022,7.5,0.071333,-0.0011
7.5,0.032826,-0.0024,7.5,-0.10351,-0.003,7.5,-0.0097085,-0.0024,7.5,0.064076,-0.0012
7.5,0.012371,-0.0026,7.5,-0.12392,-0.0032,7.5,-0.029854,-0.0026,7.5,0.056698,-0.0013
7.5,-0.0091574,-0.0028,7.5,-0.14527,-0.0034,7.5,-0.050989,-0.0028,7.5,0.049193,-0.0014
7.5,-0.031831,-0.003,7.5,-0.16765,-0.0036,7.5,-0.073179,-0.003,7.5,0.041556,-0.0015
7.5,-0.055702,-0.0032,7.5,-0.19115,-0.0038,7.5,-0.096476,-0.0032,7.5,0.033781,-0.0016
7.5,-0.080786,-0.0034,7.5,-0.21577,-0.004,7.5,-0.12091,-0.0034,7.5,0.025864,-0.0017
7.5,-0.10704,-0.0036,7.5,-0.2414,-0.0042,7.5,-0.14648,-0.0036,7.5,0.017797,-0.0018
7.5,-0.13436,-0.0038,7.5,-0.26765,-0.0044,7.5,-0.17317,-0.0038,7.5,0.0095757,-0.0019
7.5,-0.16256,-0.004,7.5,-0.29533,-0.0046,7.5,-0.20093,-0.004,7.5,0.0011928,-0.002
7.5,-0.19136,-0.0042,5,0.075653,-0.0002,7.5,-0.22964,-0.0042,7.5,-0.0073579,-0.0021
7.5,-0.22049,-0.0044,5,0.0618,-0.0004,7.5,-0.25893,-0.0044,7.5,-0.016083,-0.0022
7.5,-0.24971,-0.0046,5,0.047526,-0.0006,7.5,-0.28833,-0.0046,7.5,-0.024987,-0.0023
7.5,-0.27895,-0.0048,5,0.032798,-0.0008,7.5,-0.31751,-0.0048,7.5,-0.03408,-0.0024
7.5,-0.30857,-0.005,5,0.01758,-0.001,7.5,-0.34656,-0.005,7.5,-0.043366,-0.0025
7.5,-0.33891,-0.0052,5,0.0018311,-0.0012,5,0.11639,-0.0002,7.5,-0.052853,-0.0026
7.5,-0.36903,-0.0054,5,-0.014489,-0.0014,5,0.10086,-0.0004,7.5,-0.062543,-0.0027
5,0.15067,-0.0002,5,-0.031425,-0.0016,5,0.084785,-0.0006,5,0.097004,-0.0001
5,0.13477,-0.0004,5,-0.04902,-0.0018,5,0.0681,-0.0008,5,0.089939,-0.0002
5,0.11826,-0.0006,5,-0.067319,-0.002,5,0.050757,-0.001,5,0.082766,-0.0003
5,0.10108,-0.0008,5,-0.086363,-0.0022,5,0.032698,-0.0012,5,0.075479,-0.0004
5,0.083169,-0.001,5,-0.10619,-0.0024,5,0.013862,-0.0014,5,0.068074,-0.0005
5,0.064452,-0.0012,5,-0.12683,-0.0026,5,-0.0058121,-0.0016,5,0.060548,-0.0006
5,0.044862,-0.0014,5,-0.14832,-0.0028,5,-0.026382,-0.0018,5,0.052894,-0.0007
5,0.02433,-0.0016,5,-0.17068,-0.003,5,-0.047898,-0.002,5,0.045108,-0.0008
5,0.002791,-0.0018,5,-0.19397,-0.0032,5,-0.0704,-0.0022,5,0.037185,-0.0009
5,-0.019805,-0.002,5,-0.21814,-0.0034,5,-0.093901,-0.0024,5,0.02912,-0.001
5,-0.043485,-0.0022,5,-0.24307,-0.0036,5,-0.11839,-0.0026,5,0.020907,-0.0011
5,-0.068238,-0.0024,5,-0.26843,-0.0038,5,-0.14381,-0.0028,5,0.012541,-0.0012
5,-0.094002,-0.0026,5,-0.29409,-0.004,5,-0.17007,-0.003,5,0.0040161,-0.0013
5,-0.12065,-0.0028,5,-0.32094,-0.0042,5,-0.19707,-0.0032,5,-0.0046728,-0.0014
5,-0.14799,-0.003,0,0,0,5,-0.22468,-0.0034,5,-0.013531,-0.0015
5,-0.17577,-0.0032,0,0,0,5,-0.25269,-0.0036,5,-0.022563,-0.0016
5,-0.20373,-0.0034,0,0,0,5,-0.28074,-0.0038,5,-0.031777,-0.0017
5,-0.23158,-0.0036,0,0,0,5,-0.30849,-0.004,5,-0.041174,-0.0018
5,-0.25912,-0.0038,0,0,0,5,-0.33571,-0.0042,5,-0.050762,-0.0019
5,-0.28621,-0.004,0,0,0,5,-0.36242,-0.0044,5,-0.060541,-0.002
5,-0.31283,-0.0042,0,0,0,5,-0.38877,-0.0046,5,-0.070516,-0.0021
5,-0.33917,-0.0044,0,0,0,5,-0.4155,-0.0048,5,-0.080688,-0.0022
5,-0.36585,-0.0046,0,0,0,0,0,0,5,-0.091057,-0.0023
5,-0.39278,-0.0048,0,0,0,0,0,0,5,-0.10162,-0.0024
5,-0.41861,-0.005,0,0,0,0,0,0,5,-0.11238,-0.0025
5,-0.44431,-0.0052,0,0,0,0,0,0,5,-0.12334,-0.0026
