15,0.0068446,0.0002,15,0.0044855,0.0002,15,0.0049513,0.0002,15,0.0026649,0.0001
15,0.011578,0.0004,15,0.0093476,0.0004,15,0.010033,0.0004,15,0.0044064,0.0002
15,0.016417,0.0006,15,0.014356,0.0006,15,0.015291,0.0006,15,0.0066068,0.0003
15,0.021223,0.0008,15,0.019331,0.0008,15,0.020506,0.0008,15,0.0089159,0.0004
15,0.02606,0.001,15,0.02434,0.001,15,0.025766,0.001,15,0.011268,0.0005
15,0.030877,0.0012,15,0.02933,0.0012,15,0.030998,0.0012,15,0.013642,0.0006
15,0.035716,0.0014,15,0.034342,0.0014,15,0.03626,0.0014,15,0.016029,0.0007
15,0.040542,0.0016,15,0.039343,0.0016,15,0.041503,0.0016,15,0.018423,0.0008
15,0.045385,0.0018,15,0.044363,0.0018,15,0.046769,0.0018,15,0.020823,0.0009
15,0.050221,0.002,15,0.049375,0.002,15,0.052022,0.002,15,0.023227,0.001
15,0.055071,0.0022,15,0.054404,0.0022,15,0.057294,0.0022,15,0.025635,0.0011
15,0.059916,0.0024,15,0.059429,0.0024,15,0.062556,0.0024,15,0.028044,0.0012
15,0.064775,0.0026,15,0.06447,0.0026,15,0.067836,0.0026,15,0.030456,0.0013
15,0.069631,0.0028,15,0.069509,0.0028,15,0.07311,0.0028,15,0.03287,0.0014
15,0.0745,0.003,15,0.074564,0.003,15,0.078399,0.003,15,0.035285,0.0015
15,0.079368,0.0032,15,0.079619,0.0032,15,0.083685,0.0032,15,0.037703,0.0016
15,0.084249,0.0034,15,0.084689,0.0034,15,0.088986,0.0034,15,0.040121,0.0017
15,0.089131,0.0036,15,0.089762,0.0036,15,0.094285,0.0036,15,0.042542,0.0018
15,0.094026,0.0038,15,0.09485,0.0038,15,0.099599,0.0038,15,0.044963,0.0019
15,0.098923,0.004,15,0.099941,0.004,15,0.10491,0.004,15,0.047387,0.002
15,0.10383,0.0042,15,0.10505,0.0042,15,0.11024,0.0042,15,0.049811,0.0021
15,0.10875,0.0044,15,0.11016,0.0044,15,0.11557,0.0044,15,0.052237,0.0022
15,0.11368,0.0046,15,0.11529,0.0046,15,0.12092,0.0046,15,0.054665,0.0023
15,0.11861,0.0048,15,0.12043,0.0048,15,0.12627,0.0048,15,0.057094,0.0024
15,0.12355,0.005,15,0.12558,0.005,15,0.13163,0.005,15,0.059525,0.0025
15,0.12851,0.0052,15,0.13074,0.0052,15,0.137,0.0052,15,0.061958,0.0026
15,0.13347,0.0054,15,0.13591,0.0054,15,0.14238,0.0054,15,0.064392,0.0027
15,0.13844,0.0056,15,0.1411,0.0056,15,0.14777,0.0056,15,0.066828,0.0028
15,0.14343,0.0058,15,0.1463,0.0058,15,0.15317,0.0058,15,0.069266,0.0029
15,0.14843,0.006,15,0.15152,0.006,15,0.15858,0.006,15,0.071705,0.003
12.5,0.0086372,0.0002,12.5,0.0053701,0.0002,12.5,0.0065634,0.0002,12.5,0.0014457,0.0001
12.5,0.012647,0.0004,12.5,0.0097831,0.0004,12.5,0.011036,0.0004,12.5,0.0037856,0.0002
12.5,0.017314,0.0006,12.5,0.014667,0.0006,12.5,0.016188,0.0006,12.5,0.0061877,0.0003
12.5,0.022082,0.0008,12.5,0.019593,0.0008,12.5,0.021411,0.0008,12.5,0.0086023,0.0004
12.5,0.026938,0.001,12.5,0.024586,0.001,12.5,0.026736,0.001,12.5,0.011022,0.0005
12.5,0.031802,0.0012,12.5,0.029575,0.0012,12.5,0.032055,0.0012,12.5,0.013445,0.0006
12.5,0.036705,0.0014,12.5,0.034598,0.0014,12.5,0.037421,0.0014,12.5,0.01587,0.0007
12.5,0.041604,0.0016,12.5,0.039615,0.0016,12.5,0.042774,0.0016,12.5,0.018296,0.0008
12.5,0.046529,0.0018,12.5,0.044655,0.0018,12.5,0.04816,0.0018,12.5,0.020723,0.0009
12.5,0.05145,0.002,12.5,0.049691,0.002,12.5,0.053535,0.002,12.5,0.023152,0.001
12.5,0.056391,0.0022,12.5,0.054748,0.0022,12.5,0.058935,0.0022,12.5,0.025581,0.0011
12.5,0.061329,0.0024,12.5,0.059802,0.0024,12.5,0.064327,0.0024,12.5,0.028012,0.0012
12.5,0.066285,0.0026,12.5,0.064876,0.0026,12.5,0.06974,0.0026,12.5,0.030443,0.0013
12.5,0.071239,0.0028,12.5,0.069949,0.0028,12.5,0.075148,0.0028,12.5,0.032876,0.0014
12.5,0.07621,0.003,12.5,0.075041,0.003,12.5,0.080575,0.003,12.5,0.035309,0.0015
12.5,0.08118,0.0032,12.5,0.080134,0.0032,12.5,0.085998,0.0032,12.5,0.037744,0.0016
12.5,0.086167,0.0034,12.5,0.085246,0.0034,12.5,0.09144,0.0034,12.5,0.04018,0.0017
12.5,0.091155,0.0036,12.5,0.090361,0.0036,12.5,0.09688,0.0036,12.5,0.042618,0.0018
12.5,0.096159,0.0038,12.5,0.095495,0.0038,12.5,0.10234,0.0038,12.5,0.045056,0.0019
12.5,0.10117,0.004,12.5,0.10063,0.004,12.5,0.1078,0.004,12.5,0.047497,0.002
12.5,0.10619,0.0042,12.5,0.10579,0.0042,12.5,0.11327,0.0042,12.5,0.049938,0.0021
12.5,0.11122,0.0044,12.5,0.11096,0.0044,12.5,0.11875,0.0044,12.5,0.052382,0.0022
12.5,0.11626,0.0046,12.5,0.11614,0.0046,12.5,0.12425,0.0046,12.5,0.054826,0.0023
12.5,0.12131,0.0048,12.5,0.12133,0.0048,12.5,0.12974,0.0048,12.5,0.057273,0.0024
12.5,0.12637,0.005,12.5,0.12654,0.005,12.5,0.13526,0.005,12.5,0.059721,0.0025
12.5,0.13144,0.0052,12.5,0.13176,0.0052,12.5,0.14078,0.0052,12.5,0.062171,0.0026
12.5,0.13653,0.0054,12.5,0.13701,0.0054,12.5,0.14632,0.0054,12.5,0.064624,0.0027
12.5,0.14163,0.0056,12.5,0.14226,0.0056,12.5,0.15187,0.0056,12.5,0.067077,0.0028
12.5,0.14674,0.0058,12.5,0.14753,0.0058,12.5,0.15743,0.0058,12.5,0.069533,0.0029
10,0.0080616,0.0002,10,0.004341,0.0002,10,0.0059465,0.0002,10,0.0059899,0.0001
10,0.01248,0.0004,10,0.0092147,0.0004,10,0.01086,0.0004,10,0.0059097,0.0002
10,0.017338,0.0006,10,0.014166,0.0006,10,0.016253,0.0006,10,0.0075156,0.0003
10,0.022234,0.0008,10,0.01914,0.0008,10,0.021652,0.0008,10,0.0095224,0.0004
10,0.027198,0.001,10,0.024125,0.001,10,0.027135,0.001,10,0.011689,0.0005
10,0.032155,0.0012,10,0.029119,0.0012,10,0.032596,0.0012,10,0.013936,0.0006
10,0.037148,0.0014,10,0.034119,0.0014,10,0.038102,0.0014,10,0.016229,0.0007
10,0.042131,0.0016,10,0.039128,0.0016,10,0.043588,0.0016,10,0.01855,0.0008
10,0.04714,0.0018,10,0.044144,0.0018,10,0.049108,0.0018,10,0.02089,0.0009
10,0.052142,0.002,10,0.049168,0.002,10,0.054613,0.002,10,0.023245,0.001
10,0.057166,0.0022,10,0.054201,0.0022,10,0.060146,0.0022,10,0.02561,0.0011
10,0.062185,0.0024,10,0.059249,0.0024,10,0.065667,0.0024,10,0.027983,0.0012
10,0.067224,0.0026,10,0.064296,0.0026,10,0.071213,0.0026,10,0.030363,0.0013
10,0.072261,0.0028,10,0.069364,0.0028,10,0.076751,0.0028,10,0.032748,0.0014
10,0.077316,0.003,10,0.074434,0.003,10,0.082312,0.003,10,0.035138,0.0015
10,0.082372,0.0032,10,0.079525,0.0032,10,0.087868,0.0032,10,0.037532,0.0016
10,0.087446,0.0034,10,0.084621,0.0034,10,0.093445,0.0034,10,0.039931,0.0017
10,0.092522,0.0036,10,0.089738,0.0036,10,0.099021,0.0036,10,0.042332,0.0018
10,0.097616,0.0038,10,0.094862,0.0038,10,0.10462,0.0038,10,0.044737,0.0019
10,0.10271,0.004,10,0.10001,0.004,10,0.11021,0.004,10,0.047145,0.002
10,0.10783,0.0042,10,0.10516,0.0042,10,0.11583,0.0042,10,0.049556,0.0021
10,0.11295,0.0044,10,0.11034,0.0044,10,0.12145,0.0044,10,0.051971,0.0022
10,0.11809,0.0046,10,0.11553,0.0046,10,0.12709,0.0046,10,0.054388,0.0023
10,0.12324,0.0048,10,0.12074,0.0048,10,0.13274,0.0048,10,0.056808,0.0024
10,0.12841,0.005,10,0.12596,0.005,10,0.1384,0.005,10,0.059231,0.0025
10,0.13358,0.0052,10,0.13121,0.0052,10,0.14407,0.0052,10,0.061657,0.0026
10,0.13878,0.0054,10,0.13647,0.0054,10,0.14976,0.0054,10,0.064086,0.0027
10,0.14398,0.0056,10,0.14175,0.0056,10,0.15546,0.0056,10,0.066518,0.0028
7.5,0.0064178,0.0002,7.5,0.0035041,0.0002,7.5,0.0043088,0.0002,7.5,-2.5472e-05,0.0001
7.5,0.011651,0.0004,7.5,0.0084289,0.0004,7.5,0.01003,0.0004,7.5,0.0027172,0.0002
7.5,0.016776,0.0006,7.5,0.013281,0.0006,7.5,0.015748,0.0006,7.5,0.0051668,0.0003
7.5,0.02179,0.0008,7.5,0.018119,0.0008,7.5,0.021332,0.0008,7.5,0.0075366,0.0004
7.5,0.026817,0.001,7.5,0.022954,0.001,7.5,0.026953,0.001,7.5,0.00988,0.0005
7.5,0.031807,0.0012,7.5,0.027791,0.0012,7.5,0.03252,0.0012,7.5,0.012208,0.0006
7.5,0.036818,0.0014,7.5,0.032634,0.0014,7.5,0.038122,0.0014,7.5,0.014528,0.0007
7.5,0.041809,0.0016,7.5,0.037484,0.0016,7.5,0.043693,0.0016,7.5,0.016844,0.0008
7.5,0.046822,0.0018,7.5,0.042342,0.0018,7.5,0.049295,0.0018,7.5,0.019157,0.0009
7.5,0.051824,0.002,7.5,0.04721,0.002,7.5,0.054876,0.002,7.5,0.02147,0.001
7.5,0.056846,0.0022,7.5,0.052089,0.0022,7.5,0.060487,0.0022,7.5,0.023782,0.0011
7.5,0.061864,0.0024,7.5,0.05698,0.0024,7.5,0.066083,0.0024,7.5,0.026094,0.0012
7.5,0.066902,0.0026,7.5,0.061885,0.0026,7.5,0.071706,0.0026,7.5,0.028407,0.0013
7.5,0.071938,0.0028,7.5,0.066804,0.0028,7.5,0.07732,0.0028,7.5,0.03072,0.0014
7.5,0.076995,0.003,7.5,0.071738,0.003,7.5,0.08296,0.003,7.5,0.033035,0.0015
7.5,0.082054,0.0032,7.5,0.076689,0.0032,7.5,0.088595,0.0032,7.5,0.035352,0.0016
7.5,0.087134,0.0034,7.5,0.081658,0.0034,7.5,0.094256,0.0034,7.5,0.03767,0.0017
7.5,0.092218,0.0036,7.5,0.086645,0.0036,7.5,0.099913,0.0036,7.5,0.039991,0.0018
7.5,0.097324,0.0038,7.5,0.091651,0.0038,7.5,0.1056,0.0038,7.5,0.042313,0.0019
7.5,0.10244,0.004,7.5,0.096681,0.004,7.5,0.11128,0.004,7.5,0.044638,0.002
7.5,0.10757,0.0042,7.5,0.10173,0.0042,7.5,0.11699,0.0042,7.5,0.046965,0.0021
7.5,0.11271,0.0044,7.5,0.1068,0.0044,7.5,0.1227,0.0044,7.5,0.049296,0.0022
7.5,0.11788,0.0046,7.5,0.11189,0.0046,7.5,0.12844,0.0046,7.5,0.051628,0.0023
7.5,0.12306,0.0048,7.5,0.11701,0.0048,7.5,0.13419,0.0048,7.5,0.053964,0.0024
7.5,0.12826,0.005,7.5,0.12215,0.005,7.5,0.13996,0.005,7.5,0.056303,0.0025
7.5,0.13347,0.0052,7.5,0.12731,0.0052,7.5,0.14574,0.0052,7.5,0.058645,0.0026
7.5,0.13871,0.0054,7.5,0.1325,0.0054,7.5,0.15154,0.0054,7.5,0.060991,0.0027
5,0.0069632,0.0002,5,0.0021035,0.0002,5,0.0017044,0.0002,5,-0.0026155,0.0001
5,0.011603,0.0004,5,0.0067586,0.0004,5,0.0084229,0.0004,5,0.00082635,0.0002
5,0.016228,0.0006,5,0.011174,0.0006,5,0.014257,0.0006,5,0.0032906,0.0003
5,0.020867,0.0008,5,0.015533,0.0008,5,0.019869,0.0008,5,0.0055107,0.0004
5,0.025479,0.001,5,0.019877,0.001,5,0.025395,0.001,5,0.0076377,0.0005
5,0.030123,0.0012,5,0.024217,0.0012,5,0.030882,0.0012,5,0.009717,0.0006
5,0.034754,0.0014,5,0.028562,0.0014,5,0.036349,0.0014,5,0.011772,0.0007
5,0.039412,0.0016,5,0.032917,0.0016,5,0.041808,0.0016,5,0.01381,0.0008
5,0.044065,0.0018,5,0.037283,0.0018,5,0.047266,0.0018,5,0.015841,0.0009
5,0.048738,0.002,5,0.041664,0.002,5,0.052726,0.002,5,0.017864,0.001
5,0.053423,0.0022,5,0.046062,0.0022,5,0.058192,0.0022,5,0.019885,0.0011
5,0.058123,0.0024,5,0.050479,0.0024,5,0.063666,0.0024,5,0.021904,0.0012
5,0.062839,0.0026,5,0.054916,0.0026,5,0.06915,0.0026,5,0.023923,0.0013
5,0.06757,0.0028,5,0.059377,0.0028,5,0.074646,0.0028,5,0.025942,0.0014
5,0.07232,0.003,5,0.063862,0.003,5,0.080155,0.003,5,0.027962,0.0015
5,0.077088,0.0032,5,0.068372,0.0032,5,0.085679,0.0032,5,0.029984,0.0016
5,0.081881,0.0034,5,0.072911,0.0034,5,0.091219,0.0034,5,0.032008,0.0017
5,0.086686,0.0036,5,0.077478,0.0036,5,0.096783,0.0036,5,0.034036,0.0018
5,0.091522,0.0038,5,0.082076,0.0038,5,0.10235,0.0038,5,0.036066,0.0019
5,0.096372,0.004,5,0.086706,0.004,5,0.10795,0.004,5,0.0381,0.002
5,0.10125,0.0042,5,0.091369,0.0042,5,0.11356,0.0042,5,0.040137,0.0021
5,0.10615,0.0044,5,0.096067,0.0044,5,0.1192,0.0044,5,0.042179,0.0022
5,0.11109,0.0046,5,0.1008,0.0046,5,0.12486,0.0046,5,0.044226,0.0023
5,0.11604,0.0048,5,0.10557,0.0048,5,0.13055,0.0048,5,0.046277,0.0024
5,0.12103,0.005,5,0.11038,0.005,5,0.13625,0.005,5,0.048333,0.0025
5,0.12603,0.0052,5,0.11523,0.0052,5,0.14199,0.0052,5,0.050394,0.0026
15,-0.0068446,-0.0002,15,-0.0044855,-0.0002,15,-0.0049513,-0.0002,15,-0.0026649,-0.0001
15,-0.011578,-0.0004,15,-0.0093476,-0.0004,15,-0.010033,-0.0004,15,-0.0044064,-0.0002
15,-0.016417,-0.0006,15,-0.014356,-0.0006,15,-0.015291,-0.0006,15,-0.0066068,-0.0003
15,-0.021223,-0.0008,15,-0.019331,-0.0008,15,-0.020506,-0.0008,15,-0.0089159,-0.0004
15,-0.02606,-0.001,15,-0.02434,-0.001,15,-0.025766,-0.001,15,-0.011268,-0.0005
15,-0.030877,-0.0012,15,-0.02933,-0.0012,15,-0.030998,-0.0012,15,-0.013642,-0.0006
15,-0.035716,-0.0014,15,-0.034342,-0.0014,15,-0.03626,-0.0014,15,-0.016029,-0.0007
15,-0.040542,-0.0016,15,-0.039343,-0.0016,15,-0.041503,-0.0016,15,-0.018423,-0.0008
15,-0.045385,-0.0018,15,-0.044363,-0.0018,15,-0.046769,-0.0018,15,-0.020823,-0.0009
15,-0.050221,-0.002,15,-0.049375,-0.002,15,-0.052022,-0.002,15,-0.023227,-0.001
15,-0.055071,-0.0022,15,-0.054404,-0.0022,15,-0.057294,-0.0022,15,-0.025635,-0.0011
15,-0.059916,-0.0024,15,-0.059429,-0.0024,15,-0.062556,-0.0024,15,-0.028044,-0.0012
15,-0.064775,-0.0026,15,-0.06447,-0.0026,15,-0.067836,-0.0026,15,-0.030456,-0.0013
15,-0.069631,-0.0028,15,-0.069509,-0.0028,15,-0.07311,-0.0028,15,-0.03287,-0.0014
15,-0.0745,-0.003,15,-0.074564,-0.003,15,-0.078399,-0.003,15,-0.035285,-0.0015
15,-0.079368,-0.0032,15,-0.079619,-0.0032,15,-0.083685,-0.0032,15,-0.037703,-0.0016
15,-0.084249,-0.0034,15,-0.084689,-0.0034,15,-0.088986,-0.0034,15,-0.040121,-0.0017
15,-0.089131,-0.0036,15,-0.089762,-0.0036,15,-0.094285,-0.0036,15,-0.042542,-0.0018
15,-0.094026,-0.0038,15,-0.09485,-0.0038,15,-0.099599,-0.0038,15,-0.044963,-0.0019
15,-0.098923,-0.004,15,-0.099941,-0.004,15,-0.10491,-0.004,15,-0.047387,-0.002
15,-0.10383,-0.0042,15,-0.10505,-0.0042,15,-0.11024,-0.0042,15,-0.049811,-0.0021
15,-0.10875,-0.0044,15,-0.11016,-0.0044,15,-0.11557,-0.0044,15,-0.052237,-0.0022
15,-0.11368,-0.0046,15,-0.11529,-0.0046,15,-0.12092,-0.0046,15,-0.054665,-0.0023
15,-0.11861,-0.0048,15,-0.12043,-0.0048,15,-0.12627,-0.0048,15,-0.057094,-0.0024
15,-0.12355,-0.005,15,-0.12558,-0.005,15,-0.13163,-0.005,15,-0.059525,-0.0025
15,-0.12851,-0.0052,15,-0.13074,-0.0052,15,-0.137,-0.0052,15,-0.061958,-0.0026
15,-0.13347,-0.0054,15,-0.13591,-0.0054,15,-0.14238,-0.0054,15,-0.064392,-0.0027
15,-0.13844,-0.0056,15,-0.1411,-0.0056,15,-0.14777,-0.0056,15,-0.066828,-0.0028
15,-0.14343,-0.0058,15,-0.1463,-0.0058,15,-0.15317,-0.0058,15,-0.069266,-0.0029
15,-0.14843,-0.006,15,-0.15152,-0.006,15,-0.15858,-0.006,15,-0.071705,-0.003
12.5,-0.0086372,-0.0002,12.5,-0.0053701,-0.0002,12.5,-0.0065634,-0.0002,12.5,-0.0014457,-0.0001
12.5,-0.012647,-0.0004,12.5,-0.0097831,-0.0004,12.5,-0.011036,-0.0004,12.5,-0.0037856,-0.0002
12.5,-0.017314,-0.0006,12.5,-0.014667,-0.0006,12.5,-0.016188,-0.0006,12.5,-0.0061877,-0.0003
12.5,-0.022082,-0.0008,12.5,-0.019593,-0.0008,12.5,-0.021411,-0.0008,12.5,-0.0086023,-0.0004
12.5,-0.026938,-0.001,12.5,-0.024586,-0.001,12.5,-0.026736,-0.001,12.5,-0.011022,-0.0005
12.5,-0.031802,-0.0012,12.5,-0.029575,-0.0012,12.5,-0.032055,-0.0012,12.5,-0.013445,-0.0006
12.5,-0.036705,-0.0014,12.5,-0.034598,-0.0014,12.5,-0.037421,-0.0014,12.5,-0.01587,-0.0007
12.5,-0.041604,-0.0016,12.5,-0.039615,-0.0016,12.5,-0.042774,-0.0016,12.5,-0.018296,-0.0008
12.5,-0.046529,-0.0018,12.5,-0.044655,-0.0018,12.5,-0.04816,-0.0018,12.5,-0.020723,-0.0009
12.5,-0.05145,-0.002,12.5,-0.049691,-0.002,12.5,-0.053535,-0.002,12.5,-0.023152,-0.001
12.5,-0.056391,-0.0022,12.5,-0.054748,-0.0022,12.5,-0.058935,-0.0022,12.5,-0.025581,-0.0011
12.5,-0.061329,-0.0024,12.5,-0.059802,-0.0024,12.5,-0.064327,-0.0024,12.5,-0.028012,-0.0012
12.5,-0.066285,-0.0026,12.5,-0.064876,-0.0026,12.5,-0.06974,-0.0026,12.5,-0.030443,-0.0013
12.5,-0.071239,-0.0028,12.5,-0.069949,-0.0028,12.5,-0.075148,-0.0028,12.5,-0.032876,-0.0014
12.5,-0.07621,-0.003,12.5,-0.075041,-0.003,12.5,-0.080575,-0.003,12.5,-0.035309,-0.0015
12.5,-0.08118,-0.0032,12.5,-0.080134,-0.0032,12.5,-0.085998,-0.0032,12.5,-0.037744,-0.0016
12.5,-0.086167,-0.0034,12.5,-0.085246,-0.0034,12.5,-0.09144,-0.0034,12.5,-0.04018,-0.0017
12.5,-0.091155,-0.0036,12.5,-0.090361,-0.0036,12.5,-0.09688,-0.0036,12.5,-0.042618,-0.0018
12.5,-0.096159,-0.0038,12.5,-0.095495,-0.0038,12.5,-0.10234,-0.0038,12.5,-0.045056,-0.0019
12.5,-0.10117,-0.004,12.5,-0.10063,-0.004,12.5,-0.1078,-0.004,12.5,-0.047497,-0.002
12.5,-0.10619,-0.0042,12.5,-0.10579,-0.0042,12.5,-0.11327,-0.0042,12.5,-0.049938,-0.0021
12.5,-0.11122,-0.0044,12.5,-0.11096,-0.0044,12.5,-0.11875,-0.0044,12.5,-0.052382,-0.0022
12.5,-0.11626,-0.0046,12.5,-0.11614,-0.0046,12.5,-0.12425,-0.0046,12.5,-0.054826,-0.0023
12.5,-0.12131,-0.0048,12.5,-0.12133,-0.0048,12.5,-0.12974,-0.0048,12.5,-0.057273,-0.0024
12.5,-0.12637,-0.005,12.5,-0.12654,-0.005,12.5,-0.13526,-0.005,12.5,-0.059721,-0.0025
12.5,-0.13144,-0.0052,12.5,-0.13176,-0.0052,12.5,-0.14078,-0.0052,12.5,-0.062171,-0.0026
12.5,-0.13653,-0.0054,12.5,-0.13701,-0.0054,12.5,-0.14632,-0.0054,12.5,-0.064624,-0.0027
12.5,-0.14163,-0.0056,12.5,-0.14226,-0.0056,12.5,-0.15187,-0.0056,12.5,-0.067077,-0.0028
12.5,-0.14674,-0.0058,12.5,-0.14753,-0.0058,12.5,-0.15743,-0.0058,12.5,-0.069533,-0.0029
10,-0.0080616,-0.0002,10,-0.004341,-0.0002,10,-0.0059465,-0.0002,10,-0.0059899,-0.0001
10,-0.01248,-0.0004,10,-0.0092147,-0.0004,10,-0.01086,-0.0004,10,-0.0059097,-0.0002
10,-0.017338,-0.0006,10,-0.014166,-0.0006,10,-0.016253,-0.0006,10,-0.0075156,-0.0003
10,-0.022234,-0.0008,10,-0.01914,-0.0008,10,-0.021652,-0.0008,10,-0.0095224,-0.0004
10,-0.027198,-0.001,10,-0.024125,-0.001,10,-0.027135,-0.001,10,-0.011689,-0.0005
10,-0.032155,-0.0012,10,-0.029119,-0.0012,10,-0.032596,-0.0012,10,-0.013936,-0.0006
10,-0.037148,-0.0014,10,-0.034119,-0.0014,10,-0.038102,-0.0014,10,-0.016229,-0.0007
10,-0.042131,-0.0016,10,-0.039128,-0.0016,10,-0.043588,-0.0016,10,-0.01855,-0.0008
10,-0.04714,-0.0018,10,-0.044144,-0.0018,10,-0.049108,-0.0018,10,-0.02089,-0.0009
10,-0.052142,-0.002,10,-0.049168,-0.002,10,-0.054613,-0.002,10,-0.023245,-0.001
10,-0.057166,-0.0022,10,-0.054201,-0.0022,10,-0.060146,-0.0022,10,-0.02561,-0.0011
10,-0.062185,-0.0024,10,-0.059249,-0.0024,10,-0.065667,-0.0024,10,-0.027983,-0.0012
10,-0.067224,-0.0026,10,-0.064296,-0.0026,10,-0.071213,-0.0026,10,-0.030363,-0.0013
10,-0.072261,-0.0028,10,-0.069364,-0.0028,10,-0.076751,-0.0028,10,-0.032748,-0.0014
10,-0.077316,-0.003,10,-0.074434,-0.003,10,-0.082312,-0.003,10,-0.035138,-0.0015
10,-0.082372,-0.0032,10,-0.079525,-0.0032,10,-0.087868,-0.0032,10,-0.037532,-0.0016
10,-0.087446,-0.0034,10,-0.084621,-0.0034,10,-0.093445,-0.0034,10,-0.039931,-0.0017
10,-0.092522,-0.0036,10,-0.089738,-0.0036,10,-0.099021,-0.0036,10,-0.042332,-0.0018
10,-0.097616,-0.0038,10,-0.094862,-0.0038,10,-0.10462,-0.0038,10,-0.044737,-0.0019
10,-0.10271,-0.004,10,-0.10001,-0.004,10,-0.11021,-0.004,10,-0.047145,-0.002
10,-0.10783,-0.0042,10,-0.10516,-0.0042,10,-0.11583,-0.0042,10,-0.049556,-0.0021
10,-0.11295,-0.0044,10,-0.11034,-0.0044,10,-0.12145,-0.0044,10,-0.051971,-0.0022
10,-0.11809,-0.0046,10,-0.11553,-0.0046,10,-0.12709,-0.0046,10,-0.054388,-0.0023
10,-0.12324,-0.0048,10,-0.12074,-0.0048,10,-0.13274,-0.0048,10,-0.056808,-0.0024
10,-0.12841,-0.005,10,-0.12596,-0.005,10,-0.1384,-0.005,10,-0.059231,-0.0025
10,-0.13358,-0.0052,10,-0.13121,-0.0052,10,-0.14407,-0.0052,10,-0.061657,-0.0026
10,-0.13878,-0.0054,10,-0.13647,-0.0054,10,-0.14976,-0.0054,10,-0.064086,-0.0027
10,-0.14398,-0.0056,10,-0.14175,-0.0056,10,-0.15546,-0.0056,10,-0.066518,-0.0028
7.5,-0.0064178,-0.0002,7.5,-0.0035041,-0.0002,7.5,-0.0043088,-0.0002,7.5,2.5472e-05,-0.0001
7.5,-0.011651,-0.0004,7.5,-0.0084289,-0.0004,7.5,-0.01003,-0.0004,7.5,-0.0027172,-0.0002
7.5,-0.016776,-0.0006,7.5,-0.013281,-0.0006,7.5,-0.015748,-0.0006,7.5,-0.0051668,-0.0003
7.5,-0.02179,-0.0008,7.5,-0.018119,-0.0008,7.5,-0.021332,-0.0008,7.5,-0.0075366,-0.0004
7.5,-0.026817,-0.001,7.5,-0.022954,-0.001,7.5,-0.026953,-0.001,7.5,-0.00988,-0.0005
7.5,-0.031807,-0.0012,7.5,-0.027791,-0.0012,7.5,-0.03252,-0.0012,7.5,-0.012208,-0.0006
7.5,-0.036818,-0.0014,7.5,-0.032634,-0.0014,7.5,-0.038122,-0.0014,7.5,-0.014528,-0.0007
7.5,-0.041809,-0.0016,7.5,-0.037484,-0.0016,7.5,-0.043693,-0.0016,7.5,-0.016844,-0.0008
7.5,-0.046822,-0.0018,7.5,-0.042342,-0.0018,7.5,-0.049295,-0.0018,7.5,-0.019157,-0.0009
7.5,-0.051824,-0.002,7.5,-0.04721,-0.002,7.5,-0.054876,-0.002,7.5,-0.02147,-0.001
7.5,-0.056846,-0.0022,7.5,-0.052089,-0.0022,7.5,-0.060487,-0.0022,7.5,-0.023782,-0.0011
7.5,-0.061864,-0.0024,7.5,-0.05698,-0.0024,7.5,-0.066083,-0.0024,7.5,-0.026094,-0.0012
7.5,-0.066902,-0.0026,7.5,-0.061885,-0.0026,7.5,-0.071706,-0.0026,7.5,-0.028407,-0.0013
7.5,-0.071938,-0.0028,7.5,-0.066804,-0.0028,7.5,-0.07732,-0.0028,7.5,-0.03072,-0.0014
7.5,-0.076995,-0.003,7.5,-0.071738,-0.003,7.5,-0.08296,-0.003,7.5,-0.033035,-0.0015
7.5,-0.082054,-0.0032,7.5,-0.076689,-0.0032,7.5,-0.088595,-0.0032,7.5,-0.035352,-0.0016
7.5,-0.087134,-0.0034,7.5,-0.081658,-0.0034,7.5,-0.094256,-0.0034,7.5,-0.03767,-0.0017
7.5,-0.092218,-0.0036,7.5,-0.086645,-0.0036,7.5,-0.099913,-0.0036,7.5,-0.039991,-0.0018
7.5,-0.097324,-0.0038,7.5,-0.091651,-0.0038,7.5,-0.1056,-0.0038,7.5,-0.042313,-0.0019
7.5,-0.10244,-0.004,7.5,-0.096681,-0.004,7.5,-0.11128,-0.004,7.5,-0.044638,-0.002
7.5,-0.10757,-0.0042,7.5,-0.10173,-0.0042,7.5,-0.11699,-0.0042,7.5,-0.046965,-0.0021
7.5,-0.11271,-0.0044,7.5,-0.1068,-0.0044,7.5,-0.1227,-0.0044,7.5,-0.049296,-0.0022
7.5,-0.11788,-0.0046,7.5,-0.11189,-0.0046,7.5,-0.12844,-0.0046,7.5,-0.051628,-0.0023
7.5,-0.12306,-0.0048,7.5,-0.11701,-0.0048,7.5,-0.13419,-0.0048,7.5,-0.053964,-0.0024
7.5,-0.12826,-0.005,7.5,-0.12215,-0.005,7.5,-0.13996,-0.005,7.5,-0.056303,-0.0025
7.5,-0.13347,-0.0052,7.5,-0.12731,-0.0052,7.5,-0.14574,-0.0052,7.5,-0.058645,-0.0026
7.5,-0.13871,-0.0054,7.5,-0.1325,-0.0054,7.5,-0.15154,-0.0054,7.5,-0.060991,-0.0027
5,-0.0069632,-0.0002,5,-0.0021035,-0.0002,5,-0.0017044,-0.0002,5,0.0026155,-0.0001
5,-0.011603,-0.0004,5,-0.0067586,-0.0004,5,-0.0084229,-0.0004,5,-0.00082635,-0.0002
5,-0.016228,-0.0006,5,-0.011174,-0.0006,5,-0.014257,-0.0006,5,-0.0032906,-0.0003
5,-0.020867,-0.0008,5,-0.015533,-0.0008,5,-0.019869,-0.0008,5,-0.0055107,-0.0004
5,-0.025479,-0.001,5,-0.019877,-0.001,5,-0.025395,-0.001,5,-0.0076377,-0.0005
5,-0.030123,-0.0012,5,-0.024217,-0.0012,5,-0.030882,-0.0012,5,-0.009717,-0.0006
5,-0.034754,-0.0014,5,-0.028562,-0.0014,5,-0.036349,-0.0014,5,-0.011772,-0.0007
5,-0.039412,-0.0016,5,-0.032917,-0.0016,5,-0.041808,-0.0016,5,-0.01381,-0.0008
5,-0.044065,-0.0018,5,-0.037283,-0.0018,5,-0.047266,-0.0018,5,-0.015841,-0.0009
5,-0.048738,-0.002,5,-0.041664,-0.002,5,-0.052726,-0.002,5,-0.017864,-0.001
5,-0.053423,-0.0022,5,-0.046062,-0.0022,5,-0.058192,-0.0022,5,-0.019885,-0.0011
5,-0.058123,-0.0024,5,-0.050479,-0.0024,5,-0.063666,-0.0024,5,-0.021904,-0.0012
5,-0.062839,-0.0026,5,-0.054916,-0.0026,5,-0.06915,-0.0026,5,-0.023923,-0.0013
5,-0.06757,-0.0028,5,-0.059377,-0.0028,5,-0.074646,-0.0028,5,-0.025942,-0.0014
5,-0.07232,-0.003,5,-0.063862,-0.003,5,-0.080155,-0.003,5,-0.027962,-0.0015
5,-0.077088,-0.0032,5,-0.068372,-0.0032,5,-0.085679,-0.0032,5,-0.029984,-0.0016
5,-0.081881,-0.0034,5,-0.072911,-0.0034,5,-0.091219,-0.0034,5,-0.032008,-0.0017
5,-0.086686,-0.0036,5,-0.077478,-0.0036,5,-0.096783,-0.0036,5,-0.034036,-0.0018
5,-0.091522,-0.0038,5,-0.082076,-0.0038,5,-0.10235,-0.0038,5,-0.036066,-0.0019
5,-0.096372,-0.004,5,-0.086706,-0.004,5,-0.10795,-0.004,5,-0.0381,-0.002
5,-0.10125,-0.0042,5,-0.091369,-0.0042,5,-0.11356,-0.0042,5,-0.040137,-0.0021
5,-0.10615,-0.0044,5,-0.096067,-0.0044,5,-0.1192,-0.0044,5,-0.042179,-0.0022
5,-0.11109,-0.0046,5,-0.1008,-0.0046,5,-0.12486,-0.0046,5,-0.044226,-0.0023
5,-0.11604,-0.0048,5,-0.10557,-0.0048,5,-0.13055,-0.0048,5,-0.046277,-0.0024
5,-0.12103,-0.005,5,-0.11038,-0.005,5,-0.13625,-0.005,5,-0.048333,-0.0025
5,-0.12603,-0.0052,5,-0.11523,-0.0052,5,-0.14199,-0.0052,5,-0.050394,-0.0026
