15,0.011095,0.0002,15,0.011035,0.0002,15,0.011671,0.0002,15,0.0053876,0.0001
15,0.022092,0.0004,15,0.022041,0.0004,15,0.023216,0.0004,15,0.010838,0.0002
15,0.033092,0.0006,15,0.033051,0.0006,15,0.034765,0.0006,15,0.016288,0.0003
15,0.044097,0.0008,15,0.044066,0.0008,15,0.046318,0.0008,15,0.021739,0.0004
15,0.055109,0.001,15,0.055089,0.001,15,0.057879,0.001,15,0.027191,0.0005
15,0.066129,0.0012,15,0.066121,0.0012,15,0.069447,0.0012,15,0.032644,0.0006
15,0.077158,0.0014,15,0.077164,0.0014,15,0.081026,0.0014,15,0.038097,0.0007
15,0.088199,0.0016,15,0.088221,0.0016,15,0.092617,0.0016,15,0.043553,0.0008
15,0.099253,0.0018,15,0.099292,0.0018,15,0.10422,0.0018,15,0.04901,0.0009
15,0.11032,0.002,15,0.11038,0.002,15,0.11584,0.002,15,0.054469,0.001
15,0.12141,0.0022,15,0.12149,0.0022,15,0.12748,0.0022,15,0.059929,0.0011
15,0.13251,0.0024,15,0.13262,0.0024,15,0.13914,0.0024,15,0.065393,0.0012
15,0.14363,0.0026,15,0.14377,0.0026,15,0.15081,0.0026,15,0.070858,0.0013
15,0.15478,0.0028,15,0.15494,0.0028,15,0.16251,0.0028,15,0.076326,0.0014
15,0.16596,0.003,15,0.16614,0.003,15,0.17424,0.003,15,0.081796,0.0015
15,0.17716,0.0032,15,0.17738,0.0032,15,0.18599,0.0032,15,0.087271,0.0016
15,0.18839,0.0034,15,0.18864,0.0034,15,0.19778,0.0034,15,0.092748,0.0017
15,0.19965,0.0036,15,0.19994,0.0036,15,0.20959,0.0036,15,0.098229,0.0018
15,0.21095,0.0038,15,0.21127,0.0038,15,0.22144,0.0038,15,0.10371,0.0019
15,0.22229,0.004,15,0.22265,0.004,15,0.23334,0.004,15,0.1092,0.002
15,0.23366,0.0042,15,0.23408,0.0042,15,0.24527,0.0042,15,0.11469,0.0021
15,0.24507,0.0044,15,0.24557,0.0044,15,0.25726,0.0044,15,0.12019,0.0022
15,0.25652,0.0046,15,0.25713,0.0046,15,0.2693,0.0046,15,0.12569,0.0023
15,0.26801,0.0048,15,0.26885,0.0048,15,0.28143,0.0048,15,0.1312,0.0024
15,0.27954,0.005,15,0.28098,0.005,15,0.29368,0.005,15,0.13671,0.0025
15,0.2911,0.0052,15,0.29311,0.0052,15,0.30607,0.0052,15,0.14223,0.0026
15,0.3027,0.0054,15,0.30532,0.0054,15,0.31856,0.0054,15,0.14776,0.0027
15,0.31434,0.0056,15,0.31759,0.0056,15,0.33123,0.0056,15,0.15329,0.0028
15,0.326,0.0058,15,0.32996,0.0058,15,0.34414,0.0058,15,0.15883,0.0029
15,0.3377,0.006,15,0.34244,0.006,15,0.35735,0.006,15,0.16437,0.003
12.5,0.011448,0.0002,12.5,0.01134,0.0002,12.5,0.012058,0.0002,12.5,0.0055515,0.0001
12.5,0.022808,0.0004,12.5,0.022656,0.0004,12.5,0.024011,0.0004,12.5,0.011157,0.0002
12.5,0.034173,0.0006,12.5,0.033975,0.0006,12.5,0.035968,0.0006,12.5,0.016762,0.0003
12.5,0.045542,0.0008,12.5,0.0453,0.0008,12.5,0.047928,0.0008,12.5,0.022369,0.0004
12.5,0.056917,0.001,12.5,0.056633,0.001,12.5,0.059896,0.001,12.5,0.027975,0.0005
12.5,0.0683,0.0012,12.5,0.067974,0.0012,12.5,0.071871,0.0012,12.5,0.033583,0.0006
12.5,0.079692,0.0014,12.5,0.079327,0.0014,12.5,0.083855,0.0014,12.5,0.039192,0.0007
12.5,0.091095,0.0016,12.5,0.090693,0.0016,12.5,0.095851,0.0016,12.5,0.044802,0.0008
12.5,0.10251,0.0018,12.5,0.10207,0.0018,12.5,0.10786,0.0018,12.5,0.050414,0.0009
12.5,0.11394,0.002,12.5,0.11347,0.002,12.5,0.11988,0.002,12.5,0.056028,0.001
12.5,0.12539,0.0022,12.5,0.12489,0.0022,12.5,0.13192,0.0022,12.5,0.061643,0.0011
12.5,0.13685,0.0024,12.5,0.13632,0.0024,12.5,0.14398,0.0024,12.5,0.06726,0.0012
12.5,0.14834,0.0026,12.5,0.14778,0.0026,12.5,0.15606,0.0026,12.5,0.07288,0.0013
12.5,0.15984,0.0028,12.5,0.15927,0.0028,12.5,0.16816,0.0028,12.5,0.078503,0.0014
12.5,0.17138,0.003,12.5,0.17078,0.003,12.5,0.18028,0.003,12.5,0.084127,0.0015
12.5,0.18294,0.0032,12.5,0.18232,0.0032,12.5,0.19243,0.0032,12.5,0.089756,0.0016
12.5,0.19453,0.0034,12.5,0.19389,0.0034,12.5,0.20461,0.0034,12.5,0.095387,0.0017
12.5,0.20616,0.0036,12.5,0.2055,0.0036,12.5,0.21682,0.0036,12.5,0.10102,0.0018
12.5,0.21782,0.0038,12.5,0.21714,0.0038,12.5,0.22907,0.0038,12.5,0.10666,0.0019
12.5,0.22952,0.004,12.5,0.22884,0.004,12.5,0.24135,0.004,12.5,0.1123,0.002
12.5,0.24126,0.0042,12.5,0.24058,0.0042,12.5,0.25368,0.0042,12.5,0.11795,0.0021
12.5,0.25304,0.0044,12.5,0.25238,0.0044,12.5,0.26606,0.0044,12.5,0.1236,0.0022
12.5,0.26485,0.0046,12.5,0.26428,0.0046,12.5,0.27852,0.0046,12.5,0.12926,0.0023
12.5,0.27671,0.0048,12.5,0.27653,0.0048,12.5,0.2911,0.0048,12.5,0.13492,0.0024
12.5,0.2886,0.005,12.5,0.28847,0.005,12.5,0.30379,0.005,12.5,0.14058,0.0025
12.5,0.30053,0.0052,12.5,0.30091,0.0052,12.5,0.31656,0.0052,12.5,0.14626,0.0026
12.5,0.31249,0.0054,12.5,0.31339,0.0054,12.5,0.32946,0.0054,12.5,0.15193,0.0027
12.5,0.32448,0.0056,12.5,0.32594,0.0056,12.5,0.34254,0.0056,12.5,0.15762,0.0028
12.5,0.33651,0.0058,12.5,0.33859,0.0058,12.5,0.35589,0.0058,12.5,0.16331,0.0029
10,0.011838,0.0002,10,0.011664,0.0002,10,0.012485,0.0002,10,0.0057238,0.0001
10,0.023599,0.0004,10,0.023308,0.0004,10,0.024886,0.0004,10,0.011494,0.0002
10,0.035364,0.0006,10,0.034955,0.0006,10,0.037289,0.0006,10,0.017264,0.0003
10,0.047133,0.0008,10,0.046608,0.0008,10,0.049697,0.0008,10,0.023035,0.0004
10,0.058908,0.001,10,0.058269,0.001,10,0.06211,0.001,10,0.028806,0.0005
10,0.070691,0.0012,10,0.069939,0.0012,10,0.074531,0.0012,10,0.034578,0.0006
10,0.082482,0.0014,10,0.081619,0.0014,10,0.08696,0.0014,10,0.040352,0.0007
10,0.094282,0.0016,10,0.093312,0.0016,10,0.099399,0.0016,10,0.046126,0.0008
10,0.10609,0.0018,10,0.10502,0.0018,10,0.11185,0.0018,10,0.051903,0.0009
10,0.11792,0.002,10,0.11674,0.002,10,0.12431,0.002,10,0.05768,0.001
10,0.12976,0.0022,10,0.12849,0.0022,10,0.13679,0.0022,10,0.06346,0.0011
10,0.14162,0.0024,10,0.14025,0.0024,10,0.14929,0.0024,10,0.069241,0.0012
10,0.1535,0.0026,10,0.15204,0.0026,10,0.1618,0.0026,10,0.075025,0.0013
10,0.1654,0.0028,10,0.16385,0.0028,10,0.17433,0.0028,10,0.080811,0.0014
10,0.17733,0.003,10,0.17568,0.003,10,0.18689,0.003,10,0.0866,0.0015
10,0.18929,0.0032,10,0.18755,0.0032,10,0.19947,0.0032,10,0.092391,0.0016
10,0.20127,0.0034,10,0.19945,0.0034,10,0.21208,0.0034,10,0.098187,0.0017
10,0.21329,0.0036,10,0.21138,0.0036,10,0.22472,0.0036,10,0.10398,0.0018
10,0.22535,0.0038,10,0.22336,0.0038,10,0.23739,0.0038,10,0.10979,0.0019
10,0.23745,0.004,10,0.23538,0.004,10,0.2501,0.004,10,0.11559,0.002
10,0.24958,0.0042,10,0.24746,0.0042,10,0.26286,0.0042,10,0.1214,0.0021
10,0.26175,0.0044,10,0.2596,0.0044,10,0.27568,0.0044,10,0.12721,0.0022
10,0.27396,0.0046,10,0.27185,0.0046,10,0.28864,0.0046,10,0.13303,0.0023
10,0.28622,0.0048,10,0.28444,0.0048,10,0.3017,0.0048,10,0.13886,0.0024
10,0.29851,0.005,10,0.29735,0.005,10,0.3148,0.005,10,0.14469,0.0025
10,0.31083,0.0052,10,0.31024,0.0052,10,0.32802,0.0052,10,0.15052,0.0026
10,0.32319,0.0054,10,0.32319,0.0054,10,0.34139,0.0054,10,0.15636,0.0027
10,0.33558,0.0056,10,0.33622,0.0056,10,0.3549,0.0056,10,0.16221,0.0028
7.5,0.012268,0.0002,7.5,0.012005,0.0002,7.5,0.012955,0.0002,7.5,0.0059046,0.0001
7.5,0.02447,0.0004,7.5,0.023995,0.0004,7.5,0.025846,0.0004,7.5,0.011849,0.0002
7.5,0.036676,0.0006,7.5,0.03599,0.0006,7.5,0.038739,0.0006,7.5,0.017792,0.0003
7.5,0.048885,0.0008,7.5,0.047989,0.0008,7.5,0.051636,0.0008,7.5,0.023736,0.0004
7.5,0.0611,0.001,7.5,0.059996,0.001,7.5,0.064537,0.001,7.5,0.029681,0.0005
7.5,0.073321,0.0012,7.5,0.072012,0.0012,7.5,0.077444,0.0012,7.5,0.035627,0.0006
7.5,0.085549,0.0014,7.5,0.084038,0.0014,7.5,0.090358,0.0014,7.5,0.041574,0.0007
7.5,0.097787,0.0016,7.5,0.096077,0.0016,7.5,0.10328,0.0016,7.5,0.047522,0.0008
7.5,0.11003,0.0018,7.5,0.10813,0.0018,7.5,0.11621,0.0018,7.5,0.053471,0.0009
7.5,0.12229,0.002,7.5,0.1202,0.002,7.5,0.12916,0.002,7.5,0.059422,0.001
7.5,0.13457,0.0022,7.5,0.13229,0.0022,7.5,0.14211,0.0022,7.5,0.065374,0.0011
7.5,0.14686,0.0024,7.5,0.14439,0.0024,7.5,0.15508,0.0024,7.5,0.071329,0.0012
7.5,0.15917,0.0026,7.5,0.15652,0.0026,7.5,0.16807,0.0026,7.5,0.077285,0.0013
7.5,0.1715,0.0028,7.5,0.16868,0.0028,7.5,0.18107,0.0028,7.5,0.083245,0.0014
7.5,0.18385,0.003,7.5,0.18086,0.003,7.5,0.19409,0.003,7.5,0.089205,0.0015
7.5,0.19624,0.0032,7.5,0.19307,0.0032,7.5,0.20714,0.0032,7.5,0.09517,0.0016
7.5,0.20865,0.0034,7.5,0.20531,0.0034,7.5,0.22021,0.0034,7.5,0.10114,0.0017
7.5,0.2211,0.0036,7.5,0.21759,0.0036,7.5,0.2333,0.0036,7.5,0.10711,0.0018
7.5,0.23359,0.0038,7.5,0.22991,0.0038,7.5,0.24643,0.0038,7.5,0.11308,0.0019
7.5,0.24612,0.004,7.5,0.24228,0.004,7.5,0.25961,0.004,7.5,0.11906,0.002
7.5,0.25868,0.0042,7.5,0.2547,0.0042,7.5,0.27284,0.0042,7.5,0.12504,0.0021
7.5,0.27128,0.0044,7.5,0.26721,0.0044,7.5,0.28619,0.0044,7.5,0.13102,0.0022
7.5,0.28393,0.0046,7.5,0.27983,0.0046,7.5,0.29966,0.0046,7.5,0.13701,0.0023
7.5,0.29662,0.0048,7.5,0.29296,0.0048,7.5,0.31316,0.0048,7.5,0.14301,0.0024
7.5,0.30934,0.005,7.5,0.30621,0.005,7.5,0.32673,0.005,7.5,0.14901,0.0025
7.5,0.32211,0.0052,7.5,0.31946,0.0052,7.5,0.34049,0.0052,7.5,0.15501,0.0026
7.5,0.33491,0.0054,7.5,0.33278,0.0054,7.5,0.35437,0.0054,7.5,0.16102,0.0027
5,0.012733,0.0002,5,0.012362,0.0002,5,0.013466,0.0002,5,0.0060933,0.0001
5,0.025413,0.0004,5,0.024716,0.0004,5,0.026888,0.0004,5,0.012217,0.0002
5,0.038096,0.0006,5,0.037073,0.0006,5,0.040311,0.0006,5,0.018342,0.0003
5,0.050782,0.0008,5,0.049436,0.0008,5,0.053736,0.0008,5,0.024466,0.0004
5,0.063472,0.001,5,0.061805,0.001,5,0.067165,0.001,5,0.030592,0.0005
5,0.076168,0.0012,5,0.074183,0.0012,5,0.080596,0.0012,5,0.036718,0.0006
5,0.088869,0.0014,5,0.086571,0.0014,5,0.094033,0.0014,5,0.042845,0.0007
5,0.10158,0.0016,5,0.098971,0.0016,5,0.10747,0.0016,5,0.048973,0.0008
5,0.1143,0.0018,5,0.11138,0.0018,5,0.12092,0.0018,5,0.055102,0.0009
5,0.12702,0.002,5,0.12381,0.002,5,0.13438,0.002,5,0.061233,0.001
5,0.13976,0.0022,5,0.13626,0.0022,5,0.14784,0.0022,5,0.067365,0.0011
5,0.15252,0.0024,5,0.14873,0.0024,5,0.16132,0.0024,5,0.073499,0.0012
5,0.16529,0.0026,5,0.16121,0.0026,5,0.17481,0.0026,5,0.079634,0.0013
5,0.17808,0.0028,5,0.17372,0.0028,5,0.18831,0.0028,5,0.085772,0.0014
5,0.19089,0.003,5,0.18626,0.003,5,0.20183,0.003,5,0.091913,0.0015
5,0.20373,0.0032,5,0.19883,0.0032,5,0.21536,0.0032,5,0.098055,0.0016
5,0.2166,0.0034,5,0.21143,0.0034,5,0.22892,0.0034,5,0.1042,0.0017
5,0.22951,0.0036,5,0.22406,0.0036,5,0.24251,0.0036,5,0.11035,0.0018
5,0.24245,0.0038,5,0.23674,0.0038,5,0.25613,0.0038,5,0.1165,0.0019
5,0.25544,0.004,5,0.24947,0.004,5,0.26979,0.004,5,0.12266,0.002
5,0.26846,0.0042,5,0.26226,0.0042,5,0.28353,0.0042,5,0.12882,0.0021
5,0.28153,0.0044,5,0.27513,0.0044,5,0.29744,0.0044,5,0.13498,0.0022
5,0.29464,0.0046,5,0.28814,0.0046,5,0.31138,0.0046,5,0.14115,0.0023
5,0.30779,0.0048,5,0.30184,0.0048,5,0.32536,0.0048,5,0.14732,0.0024
5,0.32099,0.005,5,0.31527,0.005,5,0.33946,0.005,5,0.1535,0.0025
5,0.33423,0.0052,5,0.329,0.0052,5,0.35378,0.0052,5,0.15968,0.0026
15,-0.011095,-0.0002,15,-0.011035,-0.0002,15,-0.011671,-0.0002,15,-0.0053876,-0.0001
15,-0.022092,-0.0004,15,-0.022041,-0.0004,15,-0.023216,-0.0004,15,-0.010838,-0.0002
15,-0.033092,-0.0006,15,-0.033051,-0.0006,15,-0.034765,-0.0006,15,-0.016288,-0.0003
15,-0.044097,-0.0008,15,-0.044066,-0.0008,15,-0.046318,-0.0008,15,-0.021739,-0.0004
15,-0.055109,-0.001,15,-0.055089,-0.001,15,-0.057879,-0.001,15,-0.027191,-0.0005
15,-0.066129,-0.0012,15,-0.066121,-0.0012,15,-0.069447,-0.0012,15,-0.032644,-0.0006
15,-0.077158,-0.0014,15,-0.077164,-0.0014,15,-0.081026,-0.0014,15,-0.038097,-0.0007
15,-0.088199,-0.0016,15,-0.088221,-0.0016,15,-0.092617,-0.0016,15,-0.043553,-0.0008
15,-0.099253,-0.0018,15,-0.099292,-0.0018,15,-0.10422,-0.0018,15,-0.04901,-0.0009
15,-0.11032,-0.002,15,-0.11038,-0.002,15,-0.11584,-0.002,15,-0.054469,-0.001
15,-0.12141,-0.0022,15,-0.12149,-0.0022,15,-0.12748,-0.0022,15,-0.059929,-0.0011
15,-0.13251,-0.0024,15,-0.13262,-0.0024,15,-0.13914,-0.0024,15,-0.065393,-0.0012
15,-0.14363,-0.0026,15,-0.14377,-0.0026,15,-0.15081,-0.0026,15,-0.070858,-0.0013
15,-0.15478,-0.0028,15,-0.15494,-0.0028,15,-0.16251,-0.0028,15,-0.076326,-0.0014
15,-0.16596,-0.003,15,-0.16614,-0.003,15,-0.17424,-0.003,15,-0.081796,-0.0015
15,-0.17716,-0.0032,15,-0.17738,-0.0032,15,-0.18599,-0.0032,15,-0.087271,-0.0016
15,-0.18839,-0.0034,15,-0.18864,-0.0034,15,-0.19778,-0.0034,15,-0.092748,-0.0017
15,-0.19965,-0.0036,15,-0.19994,-0.0036,15,-0.20959,-0.0036,15,-0.098229,-0.0018
15,-0.21095,-0.0038,15,-0.21127,-0.0038,15,-0.22144,-0.0038,15,-0.10371,-0.0019
15,-0.22229,-0.004,15,-0.22265,-0.004,15,-0.23334,-0.004,15,-0.1092,-0.002
15,-0.23366,-0.0042,15,-0.23408,-0.0042,15,-0.24527,-0.0042,15,-0.11469,-0.0021
15,-0.24507,-0.0044,15,-0.24557,-0.0044,15,-0.25726,-0.0044,15,-0.12019,-0.0022
15,-0.25652,-0.0046,15,-0.25713,-0.0046,15,-0.2693,-0.0046,15,-0.12569,-0.0023
15,-0.26801,-0.0048,15,-0.26885,-0.0048,15,-0.28143,-0.0048,15,-0.1312,-0.0024
15,-0.27954,-0.005,15,-0.28098,-0.005,15,-0.29368,-0.005,15,-0.13671,-0.0025
15,-0.2911,-0.0052,15,-0.29311,-0.0052,15,-0.30607,-0.0052,15,-0.14223,-0.0026
15,-0.3027,-0.0054,15,-0.30532,-0.0054,15,-0.31856,-0.0054,15,-0.14776,-0.0027
15,-0.31434,-0.0056,15,-0.31759,-0.0056,15,-0.33123,-0.0056,15,-0.15329,-0.0028
15,-0.326,-0.0058,15,-0.32996,-0.0058,15,-0.34414,-0.0058,15,-0.15883,-0.0029
15,-0.3377,-0.006,15,-0.34244,-0.006,15,-0.35735,-0.006,15,-0.16437,-0.003
12.5,-0.011448,-0.0002,12.5,-0.01134,-0.0002,12.5,-0.012058,-0.0002,12.5,-0.0055515,-0.0001
12.5,-0.022808,-0.0004,12.5,-0.022656,-0.0004,12.5,-0.024011,-0.0004,12.5,-0.011157,-0.0002
12.5,-0.034173,-0.0006,12.5,-0.033975,-0.0006,12.5,-0.035968,-0.0006,12.5,-0.016762,-0.0003
12.5,-0.045542,-0.0008,12.5,-0.0453,-0.0008,12.5,-0.047928,-0.0008,12.5,-0.022369,-0.0004
12.5,-0.056917,-0.001,12.5,-0.056633,-0.001,12.5,-0.059896,-0.001,12.5,-0.027975,-0.0005
12.5,-0.0683,-0.0012,12.5,-0.067974,-0.0012,12.5,-0.071871,-0.0012,12.5,-0.033583,-0.0006
12.5,-0.079692,-0.0014,12.5,-0.079327,-0.0014,12.5,-0.083855,-0.0014,12.5,-0.039192,-0.0007
12.5,-0.091095,-0.0016,12.5,-0.090693,-0.0016,12.5,-0.095851,-0.0016,12.5,-0.044802,-0.0008
12.5,-0.10251,-0.0018,12.5,-0.10207,-0.0018,12.5,-0.10786,-0.0018,12.5,-0.050414,-0.0009
12.5,-0.11394,-0.002,12.5,-0.11347,-0.002,12.5,-0.11988,-0.002,12.5,-0.056028,-0.001
12.5,-0.12539,-0.0022,12.5,-0.12489,-0.0022,12.5,-0.13192,-0.0022,12.5,-0.061643,-0.0011
12.5,-0.13685,-0.0024,12.5,-0.13632,-0.0024,12.5,-0.14398,-0.0024,12.5,-0.06726,-0.0012
12.5,-0.14834,-0.0026,12.5,-0.14778,-0.0026,12.5,-0.15606,-0.0026,12.5,-0.07288,-0.0013
12.5,-0.15984,-0.0028,12.5,-0.15927,-0.0028,12.5,-0.16816,-0.0028,12.5,-0.078503,-0.0014
12.5,-0.17138,-0.003,12.5,-0.17078,-0.003,12.5,-0.18028,-0.003,12.5,-0.084127,-0.0015
12.5,-0.18294,-0.0032,12.5,-0.18232,-0.0032,12.5,-0.19243,-0.0032,12.5,-0.089756,-0.0016
12.5,-0.19453,-0.0034,12.5,-0.19389,-0.0034,12.5,-0.20461,-0.0034,12.5,-0.095387,-0.0017
12.5,-0.20616,-0.0036,12.5,-0.2055,-0.0036,12.5,-0.21682,-0.0036,12.5,-0.10102,-0.0018
12.5,-0.21782,-0.0038,12.5,-0.21714,-0.0038,12.5,-0.22907,-0.0038,12.5,-0.10666,-0.0019
12.5,-0.22952,-0.004,12.5,-0.22884,-0.004,12.5,-0.24135,-0.004,12.5,-0.1123,-0.002
12.5,-0.24126,-0.0042,12.5,-0.24058,-0.0042,12.5,-0.25368,-0.0042,12.5,-0.11795,-0.0021
12.5,-0.25304,-0.0044,12.5,-0.25238,-0.0044,12.5,-0.26606,-0.0044,12.5,-0.1236,-0.0022
12.5,-0.26485,-0.0046,12.5,-0.26428,-0.0046,12.5,-0.27852,-0.0046,12.5,-0.12926,-0.0023
12.5,-0.27671,-0.0048,12.5,-0.27653,-0.0048,12.5,-0.2911,-0.0048,12.5,-0.13492,-0.0024
12.5,-0.2886,-0.005,12.5,-0.28847,-0.005,12.5,-0.30379,-0.005,12.5,-0.14058,-0.0025
12.5,-0.30053,-0.0052,12.5,-0.30091,-0.0052,12.5,-0.31656,-0.0052,12.5,-0.14626,-0.0026
12.5,-0.31249,-0.0054,12.5,-0.31339,-0.0054,12.5,-0.32946,-0.0054,12.5,-0.15193,-0.0027
12.5,-0.32448,-0.0056,12.5,-0.32594,-0.0056,12.5,-0.34254,-0.0056,12.5,-0.15762,-0.0028
12.5,-0.33651,-0.0058,12.5,-0.33859,-0.0058,12.5,-0.35589,-0.0058,12.5,-0.16331,-0.0029
10,-0.011838,-0.0002,10,-0.011664,-0.0002,10,-0.012485,-0.0002,10,-0.0057238,-0.0001
10,-0.023599,-0.0004,10,-0.023308,-0.0004,10,-0.024886,-0.0004,10,-0.011494,-0.0002
10,-0.035364,-0.0006,10,-0.034955,-0.0006,10,-0.037289,-0.0006,10,-0.017264,-0.0003
10,-0.047133,-0.0008,10,-0.046608,-0.0008,10,-0.049697,-0.0008,10,-0.023035,-0.0004
10,-0.058908,-0.001,10,-0.058269,-0.001,10,-0.06211,-0.001,10,-0.028806,-0.0005
10,-0.070691,-0.0012,10,-0.069939,-0.0012,10,-0.074531,-0.0012,10,-0.034578,-0.0006
10,-0.082482,-0.0014,10,-0.081619,-0.0014,10,-0.08696,-0.0014,10,-0.040352,-0.0007
10,-0.094282,-0.0016,10,-0.093312,-0.0016,10,-0.099399,-0.0016,10,-0.046126,-0.0008
10,-0.10609,-0.0018,10,-0.10502,-0.0018,10,-0.11185,-0.0018,10,-0.051903,-0.0009
10,-0.11792,-0.002,10,-0.11674,-0.002,10,-0.12431,-0.002,10,-0.05768,-0.001
10,-0.12976,-0.0022,10,-0.12849,-0.0022,10,-0.13679,-0.0022,10,-0.06346,-0.0011
10,-0.14162,-0.0024,10,-0.14025,-0.0024,10,-0.14929,-0.0024,10,-0.069241,-0.0012
10,-0.1535,-0.0026,10,-0.15204,-0.0026,10,-0.1618,-0.0026,10,-0.075025,-0.0013
10,-0.1654,-0.0028,10,-0.16385,-0.0028,10,-0.17433,-0.0028,10,-0.080811,-0.0014
10,-0.17733,-0.003,10,-0.17568,-0.003,10,-0.18689,-0.003,10,-0.0866,-0.0015
10,-0.18929,-0.0032,10,-0.18755,-0.0032,10,-0.19947,-0.0032,10,-0.092391,-0.0016
10,-0.20127,-0.0034,10,-0.19945,-0.0034,10,-0.21208,-0.0034,10,-0.098187,-0.0017
10,-0.21329,-0.0036,10,-0.21138,-0.0036,10,-0.22472,-0.0036,10,-0.10398,-0.0018
10,-0.22535,-0.0038,10,-0.22336,-0.0038,10,-0.23739,-0.0038,10,-0.10979,-0.0019
10,-0.23745,-0.004,10,-0.23538,-0.004,10,-0.2501,-0.004,10,-0.11559,-0.002
10,-0.24958,-0.0042,10,-0.24746,-0.0042,10,-0.26286,-0.0042,10,-0.1214,-0.0021
10,-0.26175,-0.0044,10,-0.2596,-0.0044,10,-0.27568,-0.0044,10,-0.12721,-0.0022
10,-0.27396,-0.0046,10,-0.27185,-0.0046,10,-0.28864,-0.0046,10,-0.13303,-0.0023
10,-0.28622,-0.0048,10,-0.28444,-0.0048,10,-0.3017,-0.0048,10,-0.13886,-0.0024
10,-0.29851,-0.005,10,-0.29735,-0.005,10,-0.3148,-0.005,10,-0.14469,-0.0025
10,-0.31083,-0.0052,10,-0.31024,-0.0052,10,-0.32802,-0.0052,10,-0.15052,-0.0026
10,-0.32319,-0.0054,10,-0.32319,-0.0054,10,-0.34139,-0.0054,10,-0.15636,-0.0027
10,-0.33558,-0.0056,10,-0.33622,-0.0056,10,-0.3549,-0.0056,10,-0.16221,-0.0028
7.5,-0.012268,-0.0002,7.5,-0.012005,-0.0002,7.5,-0.012955,-0.0002,7.5,-0.0059046,-0.0001
7.5,-0.02447,-0.0004,7.5,-0.023995,-0.0004,7.5,-0.025846,-0.0004,7.5,-0.011849,-0.0002
7.5,-0.036676,-0.0006,7.5,-0.03599,-0.0006,7.5,-0.038739,-0.0006,7.5,-0.017792,-0.0003
7.5,-0.048885,-0.0008,7.5,-0.047989,-0.0008,7.5,-0.051636,-0.0008,7.5,-0.023736,-0.0004
7.5,-0.0611,-0.001,7.5,-0.059996,-0.001,7.5,-0.064537,-0.001,7.5,-0.029681,-0.0005
7.5,-0.073321,-0.0012,7.5,-0.072012,-0.0012,7.5,-0.077444,-0.0012,7.5,-0.035627,-0.0006
7.5,-0.085549,-0.0014,7.5,-0.084038,-0.0014,7.5,-0.090358,-0.0014,7.5,-0.041574,-0.0007
7.5,-0.097787,-0.0016,7.5,-0.096077,-0.0016,7.5,-0.10328,-0.0016,7.5,-0.047522,-0.0008
7.5,-0.11003,-0.0018,7.5,-0.10813,-0.0018,7.5,-0.11621,-0.0018,7.5,-0.053471,-0.0009
7.5,-0.12229,-0.002,7.5,-0.1202,-0.002,7.5,-0.12916,-0.002,7.5,-0.059422,-0.001
7.5,-0.13457,-0.0022,7.5,-0.13229,-0.0022,7.5,-0.14211,-0.0022,7.5,-0.065374,-0.0011
7.5,-0.14686,-0.0024,7.5,-0.14439,-0.0024,7.5,-0.15508,-0.0024,7.5,-0.071329,-0.0012
7.5,-0.15917,-0.0026,7.5,-0.15652,-0.0026,7.5,-0.16807,-0.0026,7.5,-0.077285,-0.0013
7.5,-0.1715,-0.0028,7.5,-0.16868,-0.0028,7.5,-0.18107,-0.0028,7.5,-0.083245,-0.0014
7.5,-0.18385,-0.003,7.5,-0.18086,-0.003,7.5,-0.19409,-0.003,7.5,-0.089205,-0.0015
7.5,-0.19624,-0.0032,7.5,-0.19307,-0.0032,7.5,-0.20714,-0.0032,7.5,-0.09517,-0.0016
7.5,-0.20865,-0.0034,7.5,-0.20531,-0.0034,7.5,-0.22021,-0.0034,7.5,-0.10114,-0.0017
7.5,-0.2211,-0.0036,7.5,-0.21759,-0.0036,7.5,-0.2333,-0.0036,7.5,-0.10711,-0.0018
7.5,-0.23359,-0.0038,7.5,-0.22991,-0.0038,7.5,-0.24643,-0.0038,7.5,-0.11308,-0.0019
7.5,-0.24612,-0.004,7.5,-0.24228,-0.004,7.5,-0.25961,-0.004,7.5,-0.11906,-0.002
7.5,-0.25868,-0.0042,7.5,-0.2547,-0.0042,7.5,-0.27284,-0.0042,7.5,-0.12504,-0.0021
7.5,-0.27128,-0.0044,7.5,-0.26721,-0.0044,7.5,-0.28619,-0.0044,7.5,-0.13102,-0.0022
7.5,-0.28393,-0.0046,7.5,-0.27983,-0.0046,7.5,-0.29966,-0.0046,7.5,-0.13701,-0.0023
7.5,-0.29662,-0.0048,7.5,-0.29296,-0.0048,7.5,-0.31316,-0.0048,7.5,-0.14301,-0.0024
7.5,-0.30934,-0.005,7.5,-0.30621,-0.005,7.5,-0.32673,-0.005,7.5,-0.14901,-0.0025
7.5,-0.32211,-0.0052,7.5,-0.31946,-0.0052,7.5,-0.34049,-0.0052,7.5,-0.15501,-0.0026
7.5,-0.33491,-0.0054,7.5,-0.33278,-0.0054,7.5,-0.35437,-0.0054,7.5,-0.16102,-0.0027
5,-0.012733,-0.0002,5,-0.012362,-0.0002,5,-0.013466,-0.0002,5,-0.0060933,-0.0001
5,-0.025413,-0.0004,5,-0.024716,-0.0004,5,-0.026888,-0.0004,5,-0.012217,-0.0002
5,-0.038096,-0.0006,5,-0.037073,-0.0006,5,-0.040311,-0.0006,5,-0.018342,-0.0003
5,-0.050782,-0.0008,5,-0.049436,-0.0008,5,-0.053736,-0.0008,5,-0.024466,-0.0004
5,-0.063472,-0.001,5,-0.061805,-0.001,5,-0.067165,-0.001,5,-0.030592,-0.0005
5,-0.076168,-0.0012,5,-0.074183,-0.0012,5,-0.080596,-0.0012,5,-0.036718,-0.0006
5,-0.088869,-0.0014,5,-0.086571,-0.0014,5,-0.094033,-0.0014,5,-0.042845,-0.0007
5,-0.10158,-0.0016,5,-0.098971,-0.0016,5,-0.10747,-0.0016,5,-0.048973,-0.0008
5,-0.1143,-0.0018,5,-0.11138,-0.0018,5,-0.12092,-0.0018,5,-0.055102,-0.0009
5,-0.12702,-0.002,5,-0.12381,-0.002,5,-0.13438,-0.002,5,-0.061233,-0.001
5,-0.13976,-0.0022,5,-0.13626,-0.0022,5,-0.14784,-0.0022,5,-0.067365,-0.0011
5,-0.15252,-0.0024,5,-0.14873,-0.0024,5,-0.16132,-0.0024,5,-0.073499,-0.0012
5,-0.16529,-0.0026,5,-0.16121,-0.0026,5,-0.17481,-0.0026,5,-0.079634,-0.0013
5,-0.17808,-0.0028,5,-0.17372,-0.0028,5,-0.18831,-0.0028,5,-0.085772,-0.0014
5,-0.19089,-0.003,5,-0.18626,-0.003,5,-0.20183,-0.003,5,-0.091913,-0.0015
5,-0.20373,-0.0032,5,-0.19883,-0.0032,5,-0.21536,-0.0032,5,-0.098055,-0.0016
5,-0.2166,-0.0034,5,-0.21143,-0.0034,5,-0.22892,-0.0034,5,-0.1042,-0.0017
5,-0.22951,-0.0036,5,-0.22406,-0.0036,5,-0.24251,-0.0036,5,-0.11035,-0.0018
5,-0.24245,-0.0038,5,-0.23674,-0.0038,5,-0.25613,-0.0038,5,-0.1165,-0.0019
5,-0.25544,-0.004,5,-0.24947,-0.004,5,-0.26979,-0.004,5,-0.12266,-0.002
5,-0.26846,-0.0042,5,-0.26226,-0.0042,5,-0.28353,-0.0042,5,-0.12882,-0.0021
5,-0.28153,-0.0044,5,-0.27513,-0.0044,5,-0.29744,-0.0044,5,-0.13498,-0.0022
5,-0.29464,-0.0046,5,-0.28814,-0.0046,5,-0.31138,-0.0046,5,-0.14115,-0.0023
5,-0.30779,-0.0048,5,-0.30184,-0.0048,5,-0.32536,-0.0048,5,-0.14732,-0.0024
5,-0.32099,-0.005,5,-0.31527,-0.005,5,-0.33946,-0.005,5,-0.1535,-0.0025
5,-0.33423,-0.0052,5,-0.329,-0.0052,5,-0.35378,-0.0052,5,-0.15968,-0.0026
